EventCode,EventDescription,201002,201003,201004,201005,201006,201007,201008,201009,201010,201011,201012,201101,201102,201103,201104,201105,201106,201107,201108,201109,201110,201111,201112,201201,201202,201203,201204,201205,201206,201207,201208,201209,201210,201211,201212,201301,201302,201303,201304,201305,201306,201307,201308,201309,201310,201311,201312,201401,201402,201403,201404,201405,201406,201407,201408,201409,201410,201411,201412,201501,201502,201503,201504,201505,201506,201507,201508,201509,201510,201511,201512,201601,201602,201603,201604,201605
10,DEMAND,68.0,16.0,37.0,22.0,21.0,64.0,236.0,147.0,102.0,111.0,117.0,137.0,139.0,160.0,137.0,122.0,158.0,110.0,129.0,158.0,142.0,151.0,97.0,94.0,102.0,157.0,147.0,163.0,112.0,136.0,113.0,74.0,30.0,63.0,11.0,26.0,29.0,15.0,14.0,6.0,69.0,74.0,133.0,141.0,116.0,99.0,86.0,70.0,120.0,126.0,100.0,127.0,136.0,213.0,368.0,397.0,493.0,302.0,331.0,259.0,222.0,282.0,212.0,164.0,178.0,209.0,205.0,272.0,206.0,145.0,120.0,200.0,245.0,164.0,206.0,22.0
11,DISAPPROVE,0.0,0.0,0.0,1.0,0.0,2.0,1.0,1.0,0.0,2.0,0.0,1.0,0.0,1.0,1.0,3.0,3.0,1.0,0.0,1.0,0.0,0.0,2.0,0.0,3.0,2.0,2.0,1.0,1.0,0.0,0.0,1.0,0.0,0.0,0.0,0.0,0.0,0.0,1.0,0.0,0.0,0.0,1.0,0.0,1.0,1.0,1.0,0.0,0.0,3.0,2.0,4.0,2.0,0.0,3.0,4.0,4.0,2.0,1.0,6.0,0.0,25.0,1.0,0.0,3.0,5.0,1.0,26.0,6.0,6.0,0.0,0.0,1.0,1.0,9.0,0.0
12,REJECT,11.0,9.0,4.0,10.0,7.0,6.0,29.0,16.0,14.0,32.0,11.0,8.0,19.0,17.0,21.0,13.0,21.0,34.0,19.0,22.0,18.0,20.0,11.0,11.0,13.0,8.0,22.0,16.0,13.0,10.0,18.0,8.0,17.0,23.0,4.0,3.0,4.0,1.0,1.0,0.0,9.0,28.0,12.0,21.0,17.0,7.0,8.0,11.0,10.0,14.0,8.0,25.0,22.0,62.0,125.0,73.0,136.0,115.0,72.0,25.0,49.0,86.0,28.0,35.0,13.0,25.0,30.0,21.0,14.0,17.0,35.0,33.0,23.0,41.0,31.0,4.0
13,THREATEN,17.0,4.0,9.0,15.0,3.0,14.0,84.0,53.0,31.0,43.0,21.0,26.0,64.0,54.0,27.0,32.0,32.0,32.0,35.0,34.0,33.0,42.0,28.0,22.0,27.0,40.0,78.0,37.0,26.0,24.0,48.0,30.0,21.0,18.0,5.0,12.0,9.0,8.0,2.0,3.0,23.0,24.0,39.0,44.0,42.0,47.0,12.0,26.0,44.0,40.0,30.0,34.0,33.0,69.0,183.0,107.0,317.0,300.0,185.0,57.0,70.0,148.0,57.0,48.0,51.0,45.0,56.0,58.0,41.0,37.0,25.0,91.0,51.0,46.0,53.0,5.0
14,PROTEST,7.0,0.0,4.0,1.0,0.0,4.0,15.0,3.0,4.0,3.0,8.0,4.0,10.0,8.0,3.0,14.0,14.0,6.0,2.0,3.0,9.0,3.0,1.0,5.0,4.0,13.0,7.0,7.0,4.0,2.0,5.0,5.0,6.0,30.0,0.0,0.0,0.0,0.0,1.0,0.0,2.0,9.0,13.0,9.0,5.0,0.0,3.0,3.0,6.0,3.0,10.0,4.0,10.0,2.0,35.0,18.0,21.0,9.0,8.0,26.0,12.0,13.0,8.0,13.0,11.0,5.0,10.0,18.0,7.0,7.0,12.0,6.0,14.0,9.0,9.0,0.0
15,EXHIBIT FORCE POSTURE,1.0,0.0,0.0,0.0,0.0,1.0,14.0,0.0,4.0,1.0,1.0,0.0,5.0,3.0,5.0,0.0,1.0,4.0,8.0,4.0,6.0,2.0,1.0,3.0,1.0,1.0,9.0,4.0,4.0,2.0,5.0,1.0,2.0,5.0,1.0,1.0,1.0,2.0,0.0,0.0,0.0,4.0,5.0,7.0,5.0,4.0,2.0,0.0,0.0,5.0,2.0,2.0,0.0,2.0,5.0,7.0,9.0,3.0,12.0,3.0,6.0,4.0,3.0,14.0,2.0,7.0,4.0,10.0,6.0,2.0,3.0,11.0,9.0,14.0,9.0,0.0
16,REDUCE RELATIONS,11.0,1.0,3.0,0.0,0.0,1.0,6.0,2.0,0.0,0.0,1.0,8.0,3.0,8.0,5.0,1.0,4.0,14.0,3.0,5.0,4.0,3.0,4.0,4.0,13.0,1.0,11.0,0.0,5.0,0.0,0.0,1.0,2.0,0.0,2.0,0.0,3.0,0.0,0.0,0.0,0.0,6.0,2.0,6.0,2.0,0.0,0.0,1.0,0.0,2.0,9.0,1.0,0.0,1.0,0.0,0.0,15.0,5.0,4.0,6.0,8.0,29.0,9.0,3.0,5.0,0.0,5.0,1.0,3.0,1.0,0.0,8.0,5.0,4.0,6.0,0.0
17,COERCE,1.0,0.0,11.0,3.0,2.0,4.0,9.0,10.0,9.0,3.0,6.0,15.0,15.0,26.0,64.0,26.0,11.0,15.0,21.0,3.0,12.0,4.0,3.0,4.0,2.0,10.0,13.0,19.0,1.0,14.0,3.0,2.0,0.0,0.0,1.0,1.0,3.0,1.0,0.0,0.0,14.0,11.0,5.0,21.0,14.0,15.0,9.0,7.0,8.0,50.0,17.0,17.0,6.0,7.0,27.0,13.0,22.0,31.0,15.0,22.0,5.0,22.0,6.0,29.0,15.0,16.0,30.0,18.0,7.0,28.0,2.0,16.0,13.0,23.0,47.0,11.0
18,ASSAULT,0.0,0.0,4.0,0.0,0.0,0.0,12.0,2.0,0.0,1.0,0.0,2.0,0.0,4.0,0.0,0.0,0.0,0.0,5.0,2.0,1.0,3.0,4.0,0.0,0.0,7.0,1.0,4.0,4.0,22.0,3.0,3.0,0.0,0.0,3.0,0.0,0.0,0.0,0.0,0.0,1.0,0.0,3.0,1.0,2.0,1.0,6.0,0.0,0.0,10.0,0.0,1.0,0.0,8.0,4.0,0.0,0.0,3.0,2.0,8.0,3.0,3.0,5.0,1.0,2.0,0.0,1.0,11.0,0.0,1.0,0.0,1.0,0.0,1.0,1.0,0.0
19,FIGHT,0.0,0.0,0.0,0.0,0.0,0.0,0.0,0.0,0.0,0.0,1.0,1.0,0.0,0.0,0.0,0.0,0.0,0.0,0.0,0.0,0.0,0.0,0.0,0.0,0.0,0.0,0.0,2.0,0.0,0.0,0.0,0.0,0.0,0.0,0.0,0.0,0.0,0.0,0.0,0.0,0.0,0.0,0.0,0.0,0.0,0.0,0.0,0.0,0.0,0.0,3.0,0.0,0.0,0.0,1.0,0.0,1.0,0.0,0.0,1.0,0.0,0.0,0.0,0.0,0.0,0.0,0.0,0.0,0.0,0.0,0.0,0.0,0.0,0.0,0.0,0.0
20,USE UNCONVENTIONAL MASS VIOLENCE,65.0,9.0,13.0,10.0,13.0,50.0,94.0,62.0,49.0,55.0,58.0,66.0,70.0,90.0,41.0,47.0,50.0,40.0,77.0,62.0,42.0,74.0,38.0,46.0,56.0,76.0,60.0,119.0,61.0,64.0,73.0,34.0,8.0,37.0,15.0,21.0,12.0,6.0,4.0,2.0,45.0,44.0,79.0,134.0,62.0,69.0,56.0,32.0,79.0,73.0,48.0,85.0,93.0,149.0,249.0,254.0,392.0,153.0,195.0,114.0,93.0,236.0,126.0,147.0,136.0,190.0,123.0,138.0,161.0,119.0,79.0,176.0,134.0,77.0,114.0,19.0
21,"Appeal for material cooperation, not specified below",0.0,0.0,0.0,0.0,0.0,0.0,0.0,0.0,0.0,0.0,0.0,0.0,0.0,0.0,0.0,0.0,0.0,0.0,0.0,0.0,0.0,0.0,0.0,0.0,0.0,0.0,0.0,0.0,0.0,0.0,0.0,0.0,0.0,0.0,0.0,0.0,1.0,0.0,0.0,0.0,0.0,0.0,0.0,0.0,0.0,0.0,0.0,0.0,0.0,1.0,0.0,0.0,0.0,0.0,0.0,1.0,0.0,2.0,0.0,0.0,0.0,4.0,0.0,0.0,0.0,0.0,1.0,0.0,0.0,0.0,0.0,0.0,0.0,0.0,0.0,0.0
22,"Appeal for diplomatic cooperation, such as policy support",3.0,0.0,2.0,0.0,1.0,0.0,7.0,4.0,0.0,6.0,4.0,8.0,5.0,1.0,4.0,3.0,2.0,8.0,2.0,2.0,3.0,3.0,0.0,2.0,0.0,2.0,0.0,3.0,1.0,0.0,3.0,1.0,0.0,0.0,0.0,0.0,0.0,0.0,0.0,0.0,0.0,3.0,3.0,2.0,0.0,9.0,0.0,0.0,4.0,0.0,1.0,0.0,3.0,1.0,6.0,27.0,6.0,3.0,4.0,17.0,2.0,1.0,1.0,6.0,22.0,2.0,1.0,1.0,12.0,1.0,0.0,4.0,4.0,3.0,6.0,0.0
23,"Appeal for aid, not specified below",0.0,0.0,0.0,0.0,2.0,0.0,3.0,0.0,0.0,0.0,3.0,0.0,1.0,1.0,0.0,0.0,1.0,0.0,1.0,2.0,0.0,4.0,0.0,1.0,0.0,2.0,0.0,0.0,2.0,3.0,1.0,0.0,0.0,0.0,0.0,0.0,0.0,0.0,0.0,0.0,0.0,3.0,0.0,3.0,2.0,2.0,0.0,3.0,1.0,0.0,1.0,5.0,2.0,3.0,12.0,9.0,43.0,12.0,9.0,8.0,0.0,3.0,2.0,0.0,3.0,2.0,0.0,1.0,5.0,0.0,5.0,1.0,0.0,11.0,5.0,0.0
25,Appeal to yield,0.0,0.0,0.0,0.0,0.0,0.0,5.0,1.0,0.0,0.0,0.0,0.0,4.0,0.0,1.0,0.0,2.0,1.0,3.0,1.0,0.0,1.0,1.0,0.0,0.0,1.0,1.0,6.0,4.0,0.0,0.0,1.0,0.0,0.0,0.0,0.0,0.0,0.0,0.0,0.0,0.0,0.0,1.0,5.0,0.0,1.0,0.0,0.0,4.0,0.0,1.0,1.0,0.0,0.0,15.0,5.0,0.0,2.0,2.0,2.0,0.0,0.0,2.0,5.0,2.0,4.0,1.0,2.0,2.0,0.0,1.0,1.0,8.0,0.0,0.0,0.0
26,Appeal to others to meet or negotiate,3.0,0.0,0.0,0.0,0.0,0.0,7.0,6.0,4.0,2.0,3.0,6.0,11.0,1.0,6.0,3.0,11.0,2.0,5.0,1.0,2.0,4.0,3.0,4.0,3.0,9.0,0.0,2.0,7.0,4.0,5.0,0.0,0.0,2.0,0.0,0.0,0.0,1.0,0.0,0.0,1.0,6.0,2.0,9.0,4.0,3.0,2.0,5.0,0.0,4.0,4.0,6.0,2.0,0.0,15.0,6.0,28.0,6.0,5.0,2.0,13.0,12.0,6.0,6.0,8.0,0.0,4.0,10.0,1.0,6.0,5.0,12.0,9.0,2.0,4.0,1.0
27,Appeal to others to settle dispute,0.0,0.0,0.0,0.0,0.0,0.0,0.0,0.0,0.0,1.0,0.0,0.0,2.0,0.0,0.0,0.0,0.0,0.0,0.0,3.0,3.0,0.0,0.0,0.0,0.0,1.0,0.0,0.0,0.0,1.0,3.0,2.0,0.0,2.0,0.0,0.0,0.0,0.0,0.0,0.0,0.0,0.0,3.0,0.0,1.0,0.0,0.0,0.0,0.0,0.0,0.0,0.0,0.0,0.0,0.0,0.0,0.0,0.0,0.0,1.0,0.0,32.0,2.0,0.0,1.0,0.0,1.0,0.0,0.0,0.0,4.0,1.0,0.0,1.0,0.0,0.0
28,Appeal to others to engage in or accept mediation,1.0,0.0,0.0,0.0,0.0,0.0,0.0,2.0,0.0,0.0,0.0,0.0,0.0,1.0,0.0,0.0,0.0,0.0,0.0,1.0,5.0,0.0,0.0,0.0,4.0,0.0,0.0,5.0,0.0,0.0,0.0,0.0,0.0,0.0,0.0,0.0,0.0,0.0,0.0,0.0,0.0,0.0,0.0,2.0,0.0,0.0,0.0,0.0,2.0,0.0,0.0,0.0,0.0,0.0,0.0,0.0,1.0,0.0,0.0,0.0,0.0,1.0,0.0,0.0,0.0,0.0,0.0,0.0,0.0,0.0,0.0,0.0,0.0,0.0,1.0,0.0
30,"Express intent to cooperate, not specified below",15.0,0.0,0.0,3.0,2.0,5.0,25.0,26.0,13.0,16.0,35.0,23.0,23.0,18.0,16.0,17.0,29.0,29.0,23.0,22.0,28.0,28.0,29.0,16.0,10.0,17.0,5.0,16.0,11.0,9.0,14.0,24.0,4.0,4.0,2.0,1.0,2.0,2.0,2.0,0.0,8.0,15.0,22.0,21.0,22.0,10.0,11.0,14.0,11.0,13.0,6.0,11.0,16.0,20.0,65.0,67.0,103.0,22.0,32.0,36.0,88.0,41.0,32.0,44.0,34.0,28.0,40.0,44.0,41.0,29.0,30.0,30.0,22.0,40.0,32.0,6.0
31,"Express intent to engage in material cooperation,  not specified below",2.0,2.0,0.0,0.0,0.0,0.0,3.0,3.0,5.0,2.0,2.0,6.0,1.0,10.0,0.0,8.0,0.0,3.0,1.0,7.0,2.0,4.0,1.0,13.0,1.0,1.0,10.0,6.0,0.0,2.0,0.0,5.0,1.0,2.0,0.0,1.0,1.0,0.0,1.0,0.0,0.0,5.0,3.0,6.0,0.0,0.0,0.0,0.0,2.0,1.0,2.0,3.0,0.0,0.0,1.0,0.0,2.0,5.0,8.0,20.0,0.0,3.0,2.0,1.0,4.0,0.0,4.0,2.0,0.0,1.0,9.0,4.0,8.0,11.0,0.0,1.0
32,Express intent to provide diplomatic cooperation such as policy support,0.0,0.0,0.0,0.0,0.0,1.0,1.0,1.0,1.0,4.0,1.0,4.0,1.0,3.0,3.0,1.0,0.0,8.0,2.0,0.0,1.0,0.0,5.0,0.0,1.0,2.0,0.0,3.0,2.0,0.0,1.0,2.0,0.0,0.0,1.0,0.0,0.0,0.0,0.0,0.0,3.0,3.0,1.0,2.0,0.0,0.0,0.0,3.0,10.0,0.0,0.0,0.0,5.0,1.0,8.0,1.0,24.0,1.0,0.0,3.0,10.0,6.0,7.0,5.0,4.0,3.0,2.0,0.0,0.0,18.0,1.0,2.0,2.0,13.0,1.0,1.0
33,"Express intent to provide matyerial aid, not specified below",3.0,1.0,0.0,1.0,0.0,1.0,3.0,1.0,4.0,2.0,2.0,3.0,8.0,1.0,0.0,3.0,2.0,2.0,6.0,0.0,0.0,1.0,3.0,0.0,3.0,1.0,1.0,0.0,1.0,2.0,8.0,0.0,1.0,1.0,0.0,0.0,0.0,0.0,0.0,0.0,0.0,0.0,2.0,0.0,0.0,2.0,3.0,0.0,2.0,1.0,0.0,3.0,1.0,7.0,3.0,9.0,13.0,7.0,3.0,5.0,3.0,15.0,1.0,1.0,4.0,1.0,6.0,4.0,2.0,5.0,2.0,3.0,1.0,0.0,3.0,0.0
34,"Express intent to institute political reform, not specified below",0.0,0.0,0.0,0.0,0.0,0.0,0.0,0.0,0.0,0.0,0.0,0.0,0.0,0.0,3.0,3.0,0.0,0.0,2.0,0.0,0.0,0.0,0.0,0.0,0.0,0.0,0.0,0.0,0.0,0.0,0.0,0.0,0.0,1.0,0.0,0.0,0.0,0.0,0.0,0.0,0.0,0.0,0.0,0.0,0.0,0.0,0.0,0.0,0.0,0.0,0.0,0.0,0.0,0.0,0.0,0.0,0.0,0.0,0.0,0.0,0.0,0.0,0.0,0.0,0.0,0.0,0.0,0.0,0.0,0.0,0.0,0.0,0.0,0.0,1.0,0.0
35,"Express intent to yield, not specified below",0.0,1.0,0.0,0.0,0.0,0.0,0.0,0.0,0.0,0.0,0.0,4.0,0.0,0.0,0.0,0.0,0.0,1.0,0.0,0.0,0.0,0.0,0.0,1.0,0.0,0.0,0.0,0.0,1.0,0.0,0.0,0.0,0.0,0.0,0.0,0.0,0.0,0.0,0.0,0.0,0.0,3.0,0.0,0.0,3.0,2.0,0.0,0.0,1.0,0.0,0.0,0.0,0.0,2.0,0.0,1.0,0.0,0.0,3.0,20.0,23.0,3.0,0.0,0.0,0.0,0.0,0.0,6.0,0.0,0.0,1.0,1.0,0.0,0.0,0.0,0.0
36,Express intent to meet or negotiate,24.0,1.0,24.0,3.0,3.0,15.0,72.0,28.0,15.0,44.0,42.0,70.0,51.0,47.0,58.0,24.0,26.0,42.0,25.0,51.0,52.0,37.0,20.0,27.0,22.0,54.0,41.0,61.0,41.0,39.0,44.0,12.0,13.0,15.0,2.0,22.0,11.0,15.0,15.0,1.0,45.0,31.0,60.0,37.0,32.0,39.0,20.0,7.0,25.0,53.0,24.0,29.0,34.0,129.0,317.0,177.0,313.0,168.0,195.0,122.0,96.0,114.0,79.0,89.0,37.0,89.0,67.0,55.0,59.0,45.0,22.0,68.0,55.0,36.0,49.0,18.0
37,Express intent to settle dispute,0.0,0.0,0.0,0.0,0.0,0.0,0.0,0.0,0.0,0.0,0.0,0.0,0.0,0.0,0.0,0.0,0.0,0.0,1.0,0.0,6.0,1.0,0.0,0.0,0.0,0.0,0.0,0.0,0.0,0.0,0.0,0.0,3.0,0.0,0.0,0.0,0.0,0.0,0.0,0.0,0.0,0.0,2.0,0.0,0.0,2.0,0.0,0.0,0.0,0.0,0.0,0.0,0.0,0.0,12.0,3.0,0.0,0.0,0.0,0.0,4.0,0.0,4.0,0.0,0.0,0.0,0.0,0.0,0.0,0.0,0.0,0.0,0.0,0.0,0.0,0.0
38,Express intent to accept mediation,0.0,0.0,0.0,0.0,0.0,0.0,0.0,0.0,0.0,0.0,0.0,0.0,0.0,0.0,0.0,0.0,0.0,0.0,0.0,0.0,0.0,0.0,0.0,0.0,0.0,0.0,0.0,0.0,0.0,0.0,0.0,0.0,0.0,0.0,0.0,0.0,0.0,0.0,0.0,0.0,0.0,0.0,0.0,0.0,0.0,0.0,0.0,0.0,0.0,0.0,0.0,1.0,0.0,0.0,0.0,0.0,0.0,0.0,2.0,0.0,0.0,0.0,0.0,0.0,0.0,0.0,0.0,0.0,0.0,0.0,0.0,0.0,0.0,0.0,0.0,0.0
39,Express intent to mediate,0.0,0.0,0.0,0.0,0.0,0.0,0.0,0.0,0.0,1.0,0.0,0.0,0.0,0.0,0.0,0.0,0.0,0.0,0.0,1.0,0.0,0.0,0.0,0.0,0.0,0.0,0.0,0.0,0.0,0.0,0.0,0.0,0.0,0.0,0.0,0.0,0.0,0.0,0.0,0.0,0.0,0.0,0.0,0.0,0.0,0.0,0.0,0.0,0.0,0.0,0.0,0.0,0.0,0.0,0.0,0.0,0.0,0.0,0.0,0.0,0.0,0.0,0.0,0.0,0.0,0.0,4.0,0.0,0.0,0.0,0.0,0.0,0.0,1.0,0.0,0.0
40,"Consult, not specified below",41.0,3.0,14.0,11.0,6.0,23.0,76.0,51.0,50.0,73.0,135.0,155.0,59.0,91.0,43.0,55.0,67.0,97.0,68.0,89.0,69.0,74.0,32.0,29.0,55.0,129.0,48.0,97.0,91.0,38.0,29.0,32.0,24.0,6.0,3.0,8.0,10.0,24.0,27.0,8.0,46.0,41.0,71.0,138.0,85.0,59.0,36.0,20.0,55.0,82.0,60.0,48.0,81.0,49.0,204.0,167.0,400.0,193.0,138.0,85.0,120.0,119.0,141.0,209.0,98.0,109.0,185.0,83.0,89.0,68.0,61.0,101.0,105.0,142.0,131.0,4.0
41,Discuss by telephone,0.0,0.0,0.0,0.0,3.0,0.0,3.0,0.0,0.0,0.0,0.0,0.0,3.0,2.0,4.0,2.0,0.0,0.0,0.0,0.0,0.0,11.0,0.0,0.0,1.0,0.0,0.0,2.0,0.0,0.0,0.0,2.0,0.0,0.0,0.0,2.0,0.0,0.0,0.0,0.0,1.0,2.0,1.0,2.0,2.0,1.0,0.0,0.0,2.0,8.0,1.0,22.0,0.0,10.0,10.0,33.0,13.0,7.0,6.0,10.0,8.0,22.0,0.0,13.0,2.0,0.0,9.0,14.0,3.0,1.0,0.0,1.0,0.0,4.0,3.0,0.0
42,Make a visit,56.0,6.0,42.0,16.0,21.0,50.0,145.0,105.0,72.0,162.0,127.0,199.0,124.0,75.0,74.0,64.0,101.0,79.0,114.0,104.0,87.0,104.0,50.0,65.0,84.0,124.0,112.0,187.0,73.0,87.0,62.0,77.0,35.0,28.0,9.0,29.0,27.0,27.0,8.0,9.0,84.0,113.0,133.0,110.0,151.0,98.0,41.0,42.0,49.0,142.0,98.0,81.0,112.0,216.0,596.0,350.0,1284.0,551.0,474.0,314.0,204.0,301.0,163.0,244.0,128.0,157.0,212.0,179.0,143.0,153.0,91.0,286.0,174.0,190.0,215.0,26.0
43,Host a visit,82.0,21.0,30.0,36.0,32.0,45.0,145.0,136.0,66.0,132.0,114.0,122.0,91.0,71.0,102.0,77.0,100.0,117.0,107.0,116.0,85.0,103.0,57.0,73.0,71.0,150.0,157.0,156.0,71.0,92.0,69.0,37.0,46.0,32.0,12.0,25.0,40.0,31.0,5.0,21.0,116.0,92.0,101.0,130.0,133.0,106.0,57.0,76.0,135.0,189.0,74.0,103.0,111.0,371.0,1207.0,541.0,1764.0,1134.0,717.0,484.0,364.0,343.0,286.0,268.0,180.0,249.0,286.0,188.0,185.0,183.0,144.0,214.0,156.0,199.0,232.0,25.0
44,Meet at a Ã’hirdÃ“location,0.0,0.0,1.0,0.0,0.0,0.0,1.0,0.0,5.0,0.0,21.0,0.0,0.0,6.0,5.0,0.0,6.0,0.0,0.0,3.0,12.0,5.0,0.0,5.0,0.0,2.0,0.0,6.0,2.0,0.0,1.0,1.0,11.0,6.0,0.0,0.0,0.0,0.0,0.0,0.0,0.0,1.0,3.0,1.0,13.0,0.0,5.0,0.0,0.0,0.0,4.0,0.0,29.0,2.0,11.0,0.0,17.0,16.0,0.0,24.0,3.0,40.0,0.0,0.0,4.0,4.0,7.0,2.0,36.0,16.0,0.0,0.0,7.0,3.0,25.0,0.0
45,Mediate,0.0,0.0,0.0,0.0,0.0,1.0,3.0,2.0,2.0,3.0,9.0,0.0,0.0,5.0,3.0,0.0,1.0,0.0,0.0,4.0,1.0,2.0,0.0,0.0,2.0,2.0,0.0,0.0,0.0,0.0,1.0,3.0,5.0,2.0,3.0,2.0,0.0,1.0,0.0,0.0,0.0,1.0,6.0,1.0,1.0,1.0,1.0,0.0,1.0,3.0,5.0,6.0,0.0,0.0,0.0,1.0,0.0,0.0,0.0,0.0,3.0,1.0,0.0,0.0,3.0,3.0,25.0,25.0,2.0,0.0,0.0,34.0,6.0,7.0,2.0,0.0
46,Engage in negotiation,32.0,0.0,7.0,16.0,9.0,8.0,57.0,14.0,25.0,45.0,89.0,72.0,42.0,37.0,10.0,24.0,42.0,30.0,21.0,50.0,45.0,26.0,34.0,12.0,25.0,51.0,47.0,65.0,46.0,23.0,5.0,17.0,9.0,24.0,9.0,4.0,0.0,3.0,0.0,4.0,20.0,40.0,22.0,59.0,23.0,41.0,42.0,23.0,28.0,21.0,26.0,29.0,25.0,72.0,128.0,78.0,172.0,51.0,49.0,23.0,50.0,91.0,60.0,59.0,35.0,73.0,87.0,51.0,29.0,35.0,39.0,64.0,20.0,38.0,44.0,16.0
50,"Engage in diplomatic cooperation, not specified below",9.0,2.0,3.0,0.0,0.0,0.0,9.0,9.0,10.0,18.0,1.0,5.0,13.0,0.0,11.0,10.0,5.0,17.0,8.0,13.0,24.0,5.0,5.0,1.0,4.0,3.0,6.0,8.0,4.0,8.0,2.0,1.0,5.0,1.0,2.0,0.0,0.0,0.0,1.0,0.0,0.0,7.0,5.0,4.0,0.0,12.0,0.0,3.0,12.0,6.0,4.0,20.0,9.0,13.0,56.0,22.0,26.0,11.0,15.0,29.0,16.0,88.0,16.0,38.0,14.0,17.0,14.0,16.0,21.0,10.0,3.0,13.0,13.0,14.0,10.0,1.0
51,Praise or endorse,69.0,5.0,28.0,12.0,10.0,27.0,144.0,129.0,71.0,180.0,82.0,90.0,138.0,120.0,156.0,194.0,90.0,89.0,94.0,128.0,106.0,117.0,89.0,100.0,78.0,123.0,177.0,152.0,102.0,102.0,119.0,79.0,32.0,61.0,12.0,5.0,9.0,20.0,2.0,6.0,58.0,88.0,90.0,128.0,178.0,86.0,75.0,62.0,113.0,120.0,73.0,93.0,100.0,185.0,160.0,174.0,261.0,208.0,210.0,166.0,182.0,214.0,161.0,184.0,170.0,192.0,185.0,171.0,137.0,203.0,155.0,145.0,186.0,200.0,236.0,32.0
52,Defend verbally,0.0,0.0,0.0,0.0,0.0,1.0,0.0,0.0,0.0,0.0,1.0,4.0,0.0,3.0,0.0,0.0,2.0,0.0,0.0,0.0,0.0,1.0,0.0,0.0,0.0,0.0,0.0,3.0,0.0,5.0,0.0,0.0,0.0,1.0,0.0,0.0,0.0,0.0,0.0,0.0,0.0,4.0,0.0,0.0,0.0,0.0,0.0,0.0,0.0,0.0,1.0,2.0,1.0,0.0,1.0,1.0,0.0,0.0,1.0,2.0,0.0,1.0,0.0,2.0,0.0,1.0,0.0,1.0,0.0,0.0,8.0,0.0,1.0,0.0,0.0,0.0
53,Rally support on behalf of,0.0,0.0,0.0,0.0,0.0,0.0,4.0,0.0,3.0,0.0,0.0,0.0,0.0,0.0,0.0,0.0,0.0,0.0,0.0,0.0,0.0,0.0,0.0,0.0,0.0,0.0,0.0,0.0,2.0,0.0,0.0,0.0,0.0,0.0,0.0,1.0,0.0,0.0,0.0,0.0,0.0,1.0,1.0,0.0,0.0,1.0,0.0,0.0,0.0,0.0,0.0,0.0,0.0,0.0,0.0,0.0,0.0,1.0,0.0,3.0,1.0,0.0,0.0,4.0,0.0,0.0,0.0,0.0,0.0,0.0,0.0,1.0,0.0,0.0,0.0,1.0
54,Grant diplomatic recognition,1.0,0.0,0.0,1.0,2.0,0.0,1.0,4.0,4.0,8.0,3.0,0.0,0.0,0.0,3.0,2.0,0.0,0.0,0.0,0.0,1.0,1.0,0.0,7.0,0.0,0.0,0.0,0.0,0.0,0.0,2.0,0.0,2.0,0.0,0.0,0.0,0.0,0.0,0.0,0.0,0.0,0.0,0.0,6.0,0.0,0.0,0.0,0.0,0.0,0.0,1.0,0.0,4.0,0.0,0.0,2.0,0.0,0.0,0.0,0.0,12.0,0.0,0.0,0.0,1.0,0.0,0.0,0.0,0.0,5.0,0.0,0.0,0.0,3.0,0.0,0.0
55,Apologize,0.0,0.0,0.0,0.0,0.0,0.0,2.0,4.0,1.0,1.0,0.0,0.0,4.0,0.0,0.0,0.0,0.0,1.0,3.0,1.0,1.0,0.0,0.0,1.0,2.0,0.0,0.0,2.0,1.0,0.0,1.0,0.0,0.0,0.0,0.0,0.0,0.0,0.0,0.0,0.0,0.0,0.0,1.0,2.0,0.0,2.0,0.0,0.0,0.0,4.0,0.0,0.0,0.0,0.0,1.0,2.0,4.0,0.0,1.0,1.0,1.0,2.0,2.0,4.0,2.0,1.0,0.0,0.0,0.0,2.0,0.0,2.0,2.0,5.0,1.0,1.0
56,Forgive,0.0,0.0,0.0,0.0,0.0,0.0,3.0,4.0,1.0,0.0,0.0,0.0,0.0,0.0,1.0,0.0,0.0,0.0,1.0,2.0,0.0,0.0,0.0,1.0,0.0,0.0,0.0,2.0,0.0,3.0,1.0,0.0,0.0,0.0,0.0,0.0,0.0,1.0,0.0,0.0,0.0,1.0,0.0,0.0,0.0,5.0,0.0,1.0,0.0,2.0,0.0,1.0,1.0,1.0,1.0,0.0,3.0,2.0,0.0,0.0,0.0,3.0,5.0,0.0,0.0,0.0,2.0,0.0,3.0,0.0,0.0,1.0,2.0,0.0,0.0,1.0
57,Sign formal agreement,6.0,3.0,1.0,7.0,1.0,2.0,44.0,8.0,18.0,9.0,31.0,9.0,9.0,16.0,4.0,39.0,9.0,10.0,19.0,7.0,6.0,11.0,13.0,9.0,8.0,31.0,5.0,10.0,23.0,20.0,22.0,15.0,38.0,4.0,8.0,2.0,2.0,0.0,1.0,3.0,51.0,12.0,8.0,56.0,41.0,43.0,61.0,1.0,21.0,14.0,4.0,22.0,18.0,59.0,127.0,38.0,39.0,17.0,21.0,57.0,13.0,52.0,34.0,30.0,35.0,47.0,12.0,17.0,21.0,10.0,15.0,121.0,38.0,35.0,32.0,4.0
60,"Engage in material cooperation, not specified below",6.0,2.0,2.0,1.0,6.0,7.0,25.0,8.0,5.0,10.0,25.0,14.0,12.0,8.0,30.0,12.0,11.0,14.0,26.0,26.0,9.0,13.0,36.0,6.0,12.0,30.0,23.0,30.0,27.0,18.0,24.0,14.0,3.0,8.0,3.0,7.0,4.0,8.0,2.0,3.0,9.0,8.0,32.0,28.0,24.0,10.0,5.0,7.0,16.0,14.0,14.0,11.0,17.0,27.0,56.0,60.0,92.0,35.0,28.0,37.0,31.0,27.0,38.0,30.0,32.0,35.0,24.0,19.0,10.0,26.0,24.0,31.0,33.0,46.0,45.0,10.0
61,Cooperate economically,0.0,0.0,2.0,1.0,0.0,0.0,2.0,4.0,4.0,6.0,0.0,6.0,8.0,4.0,4.0,0.0,5.0,5.0,11.0,7.0,1.0,5.0,3.0,3.0,1.0,0.0,2.0,2.0,4.0,0.0,7.0,3.0,3.0,0.0,0.0,1.0,2.0,3.0,0.0,0.0,4.0,1.0,9.0,5.0,6.0,12.0,1.0,0.0,17.0,6.0,5.0,2.0,3.0,6.0,5.0,10.0,15.0,3.0,10.0,12.0,3.0,11.0,4.0,3.0,7.0,2.0,13.0,1.0,5.0,9.0,2.0,31.0,8.0,31.0,13.0,2.0
62,Cooperate militarily,1.0,0.0,6.0,1.0,1.0,0.0,2.0,1.0,0.0,0.0,0.0,0.0,5.0,3.0,0.0,0.0,4.0,2.0,2.0,0.0,0.0,1.0,3.0,0.0,4.0,0.0,3.0,1.0,3.0,0.0,0.0,2.0,0.0,0.0,0.0,0.0,0.0,0.0,0.0,0.0,3.0,0.0,2.0,0.0,2.0,3.0,3.0,4.0,0.0,0.0,2.0,0.0,4.0,0.0,0.0,0.0,9.0,0.0,2.0,1.0,3.0,0.0,4.0,0.0,9.0,2.0,0.0,1.0,10.0,0.0,0.0,8.0,0.0,0.0,3.0,0.0
64,Share intelligence or information,0.0,0.0,0.0,0.0,0.0,0.0,1.0,0.0,0.0,0.0,0.0,0.0,0.0,0.0,0.0,1.0,0.0,0.0,0.0,0.0,0.0,0.0,0.0,0.0,0.0,0.0,0.0,0.0,0.0,0.0,0.0,0.0,0.0,0.0,0.0,0.0,0.0,0.0,0.0,0.0,0.0,0.0,0.0,0.0,0.0,0.0,0.0,0.0,0.0,0.0,0.0,0.0,0.0,1.0,0.0,0.0,0.0,0.0,0.0,0.0,2.0,0.0,1.0,0.0,0.0,0.0,2.0,1.0,0.0,0.0,0.0,1.0,0.0,0.0,0.0,0.0
70,"Provide aid, not specified below",10.0,1.0,10.0,3.0,5.0,10.0,29.0,28.0,26.0,25.0,31.0,14.0,32.0,37.0,29.0,45.0,25.0,12.0,22.0,27.0,11.0,19.0,18.0,19.0,12.0,25.0,23.0,23.0,34.0,17.0,14.0,16.0,0.0,2.0,0.0,0.0,0.0,0.0,0.0,5.0,5.0,17.0,32.0,45.0,37.0,43.0,12.0,17.0,22.0,28.0,15.0,28.0,16.0,40.0,122.0,95.0,159.0,128.0,69.0,81.0,95.0,43.0,22.0,45.0,38.0,47.0,25.0,67.0,64.0,30.0,25.0,39.0,29.0,58.0,58.0,1.0
71,Provide economic aid,4.0,11.0,22.0,8.0,0.0,9.0,46.0,19.0,19.0,13.0,33.0,7.0,38.0,15.0,18.0,24.0,20.0,20.0,16.0,16.0,19.0,19.0,28.0,7.0,12.0,17.0,26.0,24.0,16.0,9.0,38.0,5.0,8.0,1.0,15.0,6.0,12.0,1.0,4.0,0.0,20.0,23.0,15.0,30.0,10.0,22.0,12.0,9.0,22.0,17.0,11.0,15.0,20.0,14.0,36.0,87.0,70.0,34.0,28.0,40.0,55.0,39.0,23.0,59.0,10.0,24.0,18.0,16.0,12.0,27.0,30.0,38.0,40.0,21.0,24.0,5.0
72,Provide military aid,3.0,0.0,2.0,0.0,0.0,0.0,6.0,5.0,1.0,0.0,5.0,1.0,5.0,7.0,4.0,3.0,2.0,0.0,2.0,5.0,6.0,6.0,1.0,0.0,7.0,4.0,15.0,9.0,1.0,0.0,2.0,5.0,4.0,0.0,4.0,0.0,2.0,5.0,0.0,0.0,6.0,1.0,11.0,5.0,4.0,5.0,0.0,0.0,15.0,1.0,4.0,0.0,4.0,5.0,52.0,4.0,52.0,9.0,22.0,16.0,8.0,17.0,5.0,26.0,3.0,4.0,1.0,4.0,2.0,9.0,3.0,4.0,2.0,6.0,1.0,0.0
73,Provide humanitarian aid,0.0,0.0,0.0,0.0,2.0,1.0,3.0,0.0,2.0,1.0,3.0,6.0,1.0,7.0,4.0,0.0,6.0,1.0,11.0,4.0,2.0,1.0,0.0,1.0,1.0,6.0,11.0,0.0,3.0,6.0,2.0,1.0,2.0,0.0,0.0,3.0,0.0,3.0,0.0,0.0,1.0,9.0,6.0,8.0,4.0,7.0,3.0,3.0,2.0,2.0,6.0,6.0,4.0,8.0,37.0,35.0,75.0,41.0,36.0,35.0,9.0,20.0,10.0,10.0,9.0,7.0,8.0,5.0,4.0,5.0,5.0,11.0,7.0,5.0,5.0,0.0
74,Provide military protection or peacekeeping,1.0,3.0,0.0,0.0,0.0,0.0,1.0,0.0,2.0,3.0,0.0,0.0,1.0,0.0,0.0,1.0,0.0,0.0,4.0,1.0,10.0,0.0,0.0,0.0,0.0,2.0,4.0,46.0,0.0,2.0,0.0,1.0,0.0,0.0,0.0,0.0,2.0,7.0,1.0,1.0,5.0,1.0,0.0,1.0,3.0,0.0,0.0,0.0,1.0,5.0,5.0,0.0,0.0,3.0,5.0,6.0,6.0,0.0,4.0,1.0,2.0,1.0,0.0,0.0,5.0,4.0,0.0,3.0,1.0,8.0,2.0,2.0,0.0,0.0,10.0,2.0
75,Grant asylum,2.0,1.0,0.0,0.0,0.0,0.0,0.0,0.0,0.0,0.0,5.0,0.0,0.0,0.0,0.0,0.0,0.0,0.0,0.0,0.0,0.0,0.0,0.0,0.0,0.0,0.0,0.0,0.0,0.0,0.0,0.0,0.0,0.0,0.0,0.0,0.0,0.0,0.0,0.0,0.0,0.0,0.0,0.0,0.0,0.0,0.0,0.0,0.0,0.0,0.0,0.0,0.0,2.0,0.0,0.0,4.0,1.0,0.0,1.0,0.0,0.0,9.0,1.0,0.0,0.0,0.0,0.0,0.0,3.0,1.0,0.0,0.0,0.0,6.0,0.0,3.0
80,"Yield, not specified below ",3.0,0.0,1.0,0.0,3.0,1.0,27.0,6.0,7.0,11.0,23.0,19.0,11.0,9.0,9.0,7.0,7.0,3.0,12.0,11.0,10.0,29.0,12.0,5.0,6.0,4.0,12.0,14.0,11.0,8.0,10.0,6.0,4.0,11.0,4.0,0.0,1.0,4.0,1.0,0.0,15.0,5.0,14.0,12.0,7.0,2.0,6.0,3.0,14.0,19.0,2.0,11.0,4.0,16.0,10.0,16.0,50.0,36.0,17.0,10.0,31.0,103.0,36.0,9.0,20.0,26.0,13.0,12.0,3.0,17.0,14.0,10.0,20.0,21.0,27.0,8.0
81,"Ease administrative sanctions, not specified below",0.0,0.0,1.0,0.0,0.0,0.0,0.0,0.0,0.0,2.0,0.0,0.0,0.0,3.0,0.0,1.0,0.0,1.0,2.0,1.0,4.0,6.0,6.0,2.0,1.0,5.0,0.0,1.0,0.0,3.0,5.0,0.0,1.0,0.0,0.0,0.0,0.0,0.0,0.0,0.0,0.0,3.0,2.0,4.0,11.0,4.0,1.0,2.0,3.0,1.0,0.0,0.0,0.0,0.0,3.0,0.0,0.0,0.0,0.0,18.0,7.0,3.0,4.0,8.0,1.0,2.0,13.0,10.0,2.0,2.0,22.0,8.0,8.0,14.0,4.0,0.0
82,Ease political dissent ,0.0,0.0,0.0,0.0,0.0,0.0,0.0,2.0,0.0,1.0,0.0,0.0,0.0,0.0,0.0,0.0,0.0,0.0,0.0,0.0,1.0,0.0,0.0,0.0,0.0,0.0,0.0,0.0,0.0,0.0,0.0,0.0,0.0,0.0,0.0,0.0,0.0,0.0,0.0,0.0,0.0,0.0,0.0,0.0,0.0,0.0,0.0,0.0,0.0,0.0,0.0,0.0,0.0,0.0,0.0,0.0,0.0,0.0,2.0,0.0,0.0,0.0,0.0,0.0,0.0,0.0,0.0,0.0,0.0,2.0,0.0,0.0,0.0,0.0,0.0,0.0
83,Accede to requests or demands for political reform not specified below,0.0,0.0,0.0,0.0,0.0,2.0,0.0,0.0,0.0,0.0,0.0,0.0,0.0,0.0,0.0,0.0,1.0,0.0,2.0,0.0,0.0,0.0,0.0,0.0,0.0,0.0,0.0,0.0,0.0,0.0,0.0,0.0,0.0,1.0,0.0,0.0,0.0,0.0,0.0,0.0,0.0,0.0,0.0,0.0,0.0,1.0,0.0,0.0,0.0,0.0,0.0,0.0,0.0,0.0,0.0,0.0,0.0,0.0,0.0,0.0,0.0,5.0,0.0,0.0,0.0,1.0,0.0,0.0,0.0,0.0,1.0,0.0,0.0,0.0,0.0,0.0
84,"Return, release, not specified below",6.0,0.0,0.0,0.0,2.0,5.0,13.0,3.0,2.0,0.0,4.0,8.0,2.0,5.0,6.0,5.0,2.0,9.0,3.0,6.0,5.0,3.0,6.0,4.0,4.0,4.0,8.0,3.0,2.0,3.0,9.0,0.0,0.0,6.0,2.0,0.0,0.0,1.0,0.0,1.0,1.0,4.0,5.0,3.0,1.0,1.0,3.0,0.0,8.0,4.0,0.0,0.0,6.0,5.0,8.0,15.0,26.0,16.0,11.0,16.0,4.0,19.0,9.0,15.0,6.0,13.0,17.0,6.0,21.0,10.0,5.0,16.0,5.0,16.0,14.0,2.0
85,"Ease economic sanctions, boycott, embargo",0.0,0.0,0.0,0.0,0.0,0.0,0.0,8.0,3.0,0.0,0.0,0.0,0.0,0.0,0.0,0.0,0.0,0.0,0.0,0.0,0.0,0.0,0.0,0.0,0.0,0.0,0.0,0.0,0.0,0.0,0.0,0.0,0.0,0.0,0.0,0.0,0.0,0.0,0.0,0.0,0.0,0.0,0.0,0.0,0.0,0.0,0.0,0.0,0.0,0.0,0.0,0.0,0.0,0.0,0.0,2.0,4.0,1.0,0.0,0.0,1.0,1.0,0.0,0.0,0.0,0.0,0.0,0.0,0.0,2.0,0.0,0.0,0.0,0.0,0.0,0.0
86,Allow international involvement not specified below,0.0,0.0,0.0,0.0,0.0,0.0,0.0,0.0,0.0,0.0,0.0,0.0,0.0,0.0,0.0,0.0,0.0,0.0,0.0,0.0,0.0,0.0,0.0,0.0,0.0,0.0,0.0,0.0,0.0,2.0,0.0,2.0,0.0,0.0,0.0,0.0,0.0,0.0,0.0,0.0,0.0,0.0,0.0,0.0,0.0,0.0,1.0,1.0,0.0,0.0,0.0,0.0,0.0,0.0,0.0,0.0,30.0,14.0,20.0,2.0,2.0,0.0,0.0,0.0,3.0,0.0,0.0,0.0,0.0,0.0,0.0,0.0,0.0,0.0,0.0,0.0
87,De-escalate military engagement,2.0,0.0,0.0,0.0,0.0,0.0,0.0,0.0,0.0,0.0,0.0,0.0,0.0,0.0,0.0,0.0,0.0,0.0,0.0,0.0,0.0,0.0,0.0,0.0,0.0,0.0,0.0,0.0,0.0,0.0,0.0,0.0,0.0,0.0,0.0,0.0,0.0,0.0,0.0,0.0,0.0,0.0,0.0,0.0,0.0,0.0,0.0,0.0,0.0,0.0,0.0,0.0,0.0,0.0,0.0,0.0,0.0,0.0,0.0,0.0,0.0,0.0,0.0,0.0,0.0,0.0,0.0,1.0,0.0,0.0,0.0,0.0,1.0,0.0,0.0,0.0
90,"Investigate, not specified below",10.0,6.0,8.0,15.0,6.0,1.0,27.0,11.0,12.0,18.0,8.0,12.0,6.0,8.0,12.0,8.0,13.0,11.0,11.0,17.0,6.0,6.0,5.0,12.0,8.0,13.0,46.0,32.0,14.0,20.0,5.0,9.0,9.0,5.0,5.0,1.0,24.0,6.0,1.0,0.0,1.0,15.0,19.0,26.0,13.0,24.0,4.0,17.0,17.0,61.0,16.0,12.0,16.0,47.0,48.0,55.0,127.0,52.0,34.0,58.0,39.0,38.0,30.0,29.0,13.0,30.0,31.0,30.0,22.0,22.0,13.0,43.0,48.0,29.0,24.0,7.0
91,"Investigate crime, corruption",0.0,0.0,0.0,0.0,0.0,0.0,2.0,0.0,0.0,0.0,2.0,0.0,0.0,0.0,0.0,0.0,1.0,0.0,0.0,0.0,1.0,0.0,0.0,0.0,0.0,0.0,0.0,0.0,0.0,0.0,0.0,0.0,0.0,0.0,0.0,0.0,0.0,0.0,0.0,0.0,4.0,0.0,0.0,0.0,0.0,0.0,0.0,1.0,0.0,0.0,0.0,0.0,0.0,0.0,1.0,0.0,0.0,0.0,0.0,0.0,2.0,1.0,0.0,11.0,0.0,2.0,0.0,0.0,2.0,0.0,0.0,0.0,0.0,0.0,0.0,0.0
92,Investigate human rights abuses,0.0,0.0,0.0,0.0,0.0,0.0,0.0,0.0,0.0,0.0,0.0,0.0,0.0,0.0,0.0,0.0,0.0,0.0,0.0,0.0,0.0,0.0,0.0,0.0,0.0,0.0,0.0,0.0,0.0,0.0,0.0,0.0,0.0,0.0,0.0,0.0,0.0,0.0,0.0,0.0,0.0,0.0,0.0,0.0,0.0,2.0,0.0,0.0,0.0,0.0,0.0,0.0,0.0,0.0,1.0,0.0,0.0,0.0,0.0,0.0,0.0,0.0,0.0,0.0,0.0,0.0,0.0,0.0,0.0,0.0,0.0,0.0,0.0,2.0,0.0,0.0
93,Investigate military action,0.0,0.0,0.0,0.0,0.0,0.0,0.0,0.0,0.0,0.0,0.0,0.0,0.0,0.0,0.0,0.0,0.0,0.0,0.0,0.0,0.0,0.0,0.0,0.0,0.0,0.0,0.0,0.0,0.0,0.0,0.0,0.0,0.0,0.0,0.0,0.0,0.0,0.0,0.0,0.0,0.0,0.0,0.0,1.0,0.0,0.0,0.0,0.0,0.0,0.0,0.0,0.0,0.0,0.0,0.0,0.0,0.0,4.0,0.0,0.0,0.0,0.0,0.0,0.0,0.0,0.0,0.0,0.0,0.0,0.0,0.0,0.0,0.0,2.0,0.0,0.0
94,Investigate war crimes,0.0,0.0,0.0,0.0,0.0,0.0,9.0,0.0,0.0,0.0,0.0,0.0,0.0,0.0,0.0,0.0,0.0,0.0,0.0,0.0,0.0,0.0,0.0,0.0,0.0,0.0,0.0,0.0,0.0,0.0,0.0,0.0,0.0,0.0,0.0,0.0,0.0,0.0,0.0,0.0,0.0,0.0,0.0,0.0,0.0,0.0,0.0,0.0,0.0,0.0,0.0,0.0,0.0,0.0,0.0,0.0,0.0,0.0,0.0,0.0,0.0,0.0,0.0,0.0,0.0,0.0,0.0,0.0,0.0,0.0,0.0,0.0,0.0,0.0,0.0,0.0
100,"Demand, not specified below",12.0,0.0,1.0,0.0,2.0,4.0,14.0,11.0,6.0,6.0,8.0,4.0,9.0,6.0,1.0,12.0,2.0,4.0,8.0,15.0,7.0,15.0,6.0,4.0,5.0,12.0,7.0,9.0,21.0,12.0,3.0,2.0,2.0,6.0,0.0,2.0,2.0,6.0,0.0,3.0,9.0,11.0,39.0,10.0,15.0,3.0,6.0,28.0,26.0,15.0,12.0,14.0,25.0,9.0,38.0,52.0,98.0,43.0,25.0,6.0,25.0,34.0,18.0,18.0,13.0,12.0,29.0,19.0,12.0,17.0,2.0,20.0,10.0,22.0,19.0,2.0
101,"Demand information, investigation",0.0,0.0,0.0,0.0,0.0,0.0,0.0,0.0,0.0,0.0,0.0,0.0,0.0,0.0,0.0,0.0,0.0,0.0,0.0,3.0,0.0,0.0,4.0,0.0,0.0,0.0,1.0,1.0,0.0,1.0,0.0,0.0,0.0,0.0,0.0,0.0,0.0,0.0,0.0,0.0,0.0,0.0,0.0,1.0,0.0,0.0,0.0,0.0,0.0,0.0,0.0,0.0,0.0,0.0,3.0,0.0,0.0,0.0,0.0,0.0,0.0,0.0,1.0,0.0,0.0,0.0,0.0,0.0,0.0,0.0,0.0,0.0,0.0,0.0,0.0,0.0
102,Demand policy support,0.0,0.0,0.0,0.0,0.0,0.0,0.0,0.0,0.0,0.0,0.0,0.0,0.0,0.0,0.0,0.0,0.0,0.0,0.0,0.0,0.0,0.0,0.0,0.0,0.0,0.0,0.0,0.0,0.0,3.0,0.0,0.0,0.0,0.0,0.0,0.0,0.0,0.0,0.0,0.0,0.0,0.0,0.0,0.0,0.0,0.0,0.0,0.0,0.0,0.0,0.0,0.0,0.0,0.0,0.0,0.0,0.0,0.0,0.0,0.0,0.0,0.0,0.0,0.0,0.0,0.0,0.0,0.0,0.0,0.0,0.0,0.0,0.0,0.0,0.0,0.0
106,,0.0,0.0,0.0,0.0,0.0,0.0,9.0,0.0,0.0,0.0,0.0,1.0,0.0,0.0,0.0,1.0,0.0,0.0,0.0,0.0,0.0,0.0,0.0,0.0,0.0,0.0,0.0,0.0,0.0,0.0,0.0,0.0,0.0,0.0,0.0,0.0,0.0,0.0,0.0,0.0,0.0,0.0,0.0,0.0,0.0,0.0,0.0,0.0,0.0,0.0,0.0,0.0,0.0,0.0,0.0,0.0,0.0,0.0,0.0,0.0,0.0,0.0,0.0,0.0,0.0,0.0,0.0,0.0,0.0,0.0,0.0,0.0,0.0,0.0,0.0,0.0
110,"Disapprove, not specified below",14.0,5.0,4.0,2.0,1.0,3.0,52.0,13.0,15.0,21.0,23.0,17.0,24.0,14.0,24.0,15.0,32.0,22.0,55.0,31.0,18.0,39.0,25.0,17.0,15.0,21.0,26.0,34.0,22.0,18.0,40.0,17.0,12.0,13.0,2.0,0.0,4.0,7.0,1.0,0.0,7.0,22.0,13.0,18.0,13.0,15.0,4.0,2.0,21.0,26.0,17.0,15.0,36.0,9.0,49.0,32.0,44.0,67.0,33.0,32.0,29.0,143.0,29.0,32.0,27.0,30.0,32.0,33.0,34.0,14.0,21.0,24.0,28.0,22.0,28.0,5.0
111,Criticize or denounce ,10.0,3.0,4.0,1.0,3.0,12.0,16.0,11.0,13.0,21.0,21.0,12.0,12.0,17.0,15.0,22.0,30.0,12.0,27.0,25.0,17.0,14.0,17.0,17.0,9.0,30.0,17.0,33.0,15.0,8.0,5.0,14.0,17.0,7.0,4.0,8.0,4.0,4.0,0.0,1.0,4.0,13.0,9.0,9.0,24.0,25.0,2.0,14.0,13.0,12.0,10.0,15.0,17.0,9.0,11.0,14.0,100.0,28.0,16.0,21.0,56.0,34.0,11.0,21.0,20.0,26.0,42.0,25.0,9.0,20.0,43.0,33.0,12.0,17.0,32.0,1.0
112,"Accuse, not specified below",17.0,4.0,20.0,6.0,0.0,11.0,95.0,16.0,5.0,11.0,13.0,10.0,20.0,33.0,11.0,26.0,14.0,12.0,16.0,18.0,23.0,19.0,22.0,30.0,24.0,8.0,32.0,24.0,12.0,16.0,26.0,7.0,7.0,14.0,2.0,4.0,1.0,4.0,0.0,4.0,7.0,19.0,19.0,93.0,29.0,7.0,15.0,7.0,27.0,11.0,12.0,9.0,12.0,25.0,12.0,24.0,15.0,36.0,17.0,14.0,39.0,105.0,35.0,34.0,16.0,22.0,41.0,43.0,42.0,23.0,25.0,27.0,21.0,51.0,29.0,1.0
113,Rally opposition against,2.0,0.0,0.0,0.0,0.0,0.0,0.0,0.0,0.0,0.0,0.0,0.0,0.0,0.0,0.0,0.0,0.0,0.0,1.0,0.0,0.0,0.0,0.0,0.0,0.0,0.0,0.0,0.0,0.0,0.0,0.0,0.0,0.0,0.0,0.0,0.0,0.0,0.0,0.0,0.0,0.0,1.0,0.0,0.0,0.0,0.0,0.0,0.0,0.0,0.0,0.0,0.0,0.0,0.0,0.0,0.0,1.0,0.0,0.0,0.0,0.0,0.0,0.0,0.0,0.0,0.0,0.0,0.0,0.0,0.0,0.0,0.0,0.0,0.0,0.0,0.0
114,Complain officially ,3.0,0.0,4.0,0.0,0.0,0.0,12.0,1.0,14.0,9.0,4.0,1.0,8.0,7.0,2.0,4.0,7.0,3.0,10.0,3.0,2.0,7.0,1.0,3.0,2.0,8.0,1.0,3.0,6.0,4.0,1.0,1.0,0.0,1.0,0.0,0.0,1.0,5.0,0.0,0.0,3.0,8.0,7.0,4.0,17.0,5.0,0.0,4.0,6.0,7.0,5.0,5.0,2.0,4.0,15.0,12.0,29.0,11.0,14.0,5.0,12.0,6.0,6.0,3.0,10.0,8.0,8.0,7.0,2.0,9.0,14.0,8.0,6.0,18.0,9.0,0.0
115,Bring lawsuit against ,0.0,0.0,0.0,0.0,0.0,0.0,0.0,0.0,2.0,0.0,2.0,0.0,0.0,0.0,1.0,0.0,0.0,0.0,0.0,0.0,0.0,0.0,0.0,0.0,0.0,0.0,0.0,0.0,6.0,0.0,0.0,0.0,0.0,0.0,0.0,0.0,0.0,0.0,0.0,0.0,0.0,0.0,0.0,1.0,0.0,1.0,0.0,0.0,0.0,0.0,0.0,0.0,0.0,0.0,0.0,0.0,1.0,0.0,0.0,0.0,0.0,2.0,2.0,1.0,0.0,0.0,0.0,1.0,3.0,2.0,0.0,0.0,0.0,0.0,0.0,0.0
116,Find guilty or liable (legally),0.0,0.0,0.0,0.0,0.0,0.0,0.0,0.0,0.0,0.0,0.0,0.0,0.0,0.0,0.0,0.0,0.0,0.0,0.0,0.0,0.0,0.0,0.0,0.0,0.0,0.0,0.0,11.0,0.0,0.0,0.0,0.0,0.0,0.0,0.0,0.0,0.0,0.0,0.0,0.0,0.0,0.0,0.0,0.0,0.0,0.0,0.0,0.0,0.0,0.0,0.0,0.0,0.0,0.0,0.0,0.0,0.0,0.0,0.0,0.0,0.0,0.0,0.0,0.0,0.0,0.0,0.0,0.0,0.0,0.0,0.0,0.0,0.0,0.0,0.0,0.0
120,"Reject, not specified below",12.0,3.0,9.0,6.0,6.0,14.0,46.0,17.0,9.0,13.0,20.0,10.0,28.0,20.0,24.0,22.0,11.0,9.0,31.0,18.0,12.0,13.0,14.0,14.0,18.0,21.0,27.0,33.0,45.0,11.0,19.0,7.0,0.0,18.0,7.0,2.0,10.0,9.0,0.0,0.0,2.0,12.0,5.0,9.0,23.0,13.0,10.0,11.0,3.0,7.0,11.0,11.0,12.0,24.0,12.0,23.0,59.0,31.0,15.0,26.0,40.0,91.0,38.0,29.0,30.0,6.0,23.0,44.0,17.0,28.0,25.0,31.0,25.0,30.0,20.0,0.0
121,Reject material cooperation,0.0,0.0,0.0,0.0,0.0,0.0,0.0,0.0,0.0,0.0,0.0,0.0,0.0,0.0,0.0,0.0,0.0,0.0,0.0,0.0,0.0,0.0,0.0,0.0,0.0,0.0,0.0,0.0,0.0,0.0,0.0,2.0,0.0,0.0,0.0,0.0,0.0,0.0,0.0,0.0,0.0,0.0,0.0,0.0,0.0,0.0,0.0,0.0,0.0,0.0,0.0,0.0,0.0,0.0,0.0,0.0,0.0,0.0,0.0,0.0,0.0,0.0,0.0,0.0,0.0,0.0,0.0,0.0,0.0,0.0,0.0,0.0,0.0,0.0,0.0,0.0
122,"Reject request or demand for material aid, not specified below",0.0,0.0,0.0,0.0,0.0,0.0,6.0,0.0,0.0,0.0,2.0,0.0,1.0,0.0,0.0,0.0,0.0,0.0,0.0,0.0,0.0,0.0,0.0,0.0,0.0,0.0,0.0,0.0,0.0,0.0,0.0,0.0,0.0,0.0,0.0,0.0,0.0,0.0,0.0,0.0,0.0,0.0,0.0,1.0,0.0,0.0,0.0,0.0,0.0,0.0,0.0,0.0,0.0,0.0,0.0,0.0,4.0,1.0,0.0,0.0,0.0,0.0,0.0,2.0,0.0,0.0,0.0,0.0,0.0,0.0,1.0,0.0,1.0,0.0,1.0,0.0
124,"Refuse to yield, not specified below",0.0,0.0,0.0,0.0,0.0,0.0,0.0,0.0,0.0,0.0,0.0,0.0,0.0,0.0,0.0,0.0,0.0,0.0,0.0,0.0,0.0,0.0,0.0,0.0,0.0,0.0,0.0,0.0,0.0,0.0,0.0,0.0,0.0,0.0,0.0,0.0,0.0,0.0,0.0,0.0,0.0,0.0,0.0,0.0,0.0,0.0,0.0,0.0,0.0,0.0,0.0,0.0,0.0,0.0,0.0,1.0,1.0,1.0,0.0,0.0,2.0,0.0,0.0,0.0,0.0,0.0,0.0,0.0,0.0,0.0,0.0,0.0,2.0,0.0,0.0,0.0
125,"Reject proposal to meet, discuss, or negotiate",3.0,0.0,0.0,0.0,2.0,2.0,1.0,3.0,3.0,1.0,1.0,0.0,1.0,2.0,2.0,0.0,3.0,0.0,3.0,1.0,0.0,0.0,1.0,0.0,2.0,0.0,0.0,2.0,2.0,2.0,0.0,4.0,0.0,0.0,0.0,0.0,0.0,0.0,0.0,0.0,0.0,7.0,4.0,3.0,2.0,0.0,1.0,0.0,0.0,0.0,0.0,2.0,0.0,4.0,2.0,14.0,14.0,9.0,0.0,4.0,1.0,4.0,8.0,6.0,3.0,2.0,2.0,4.0,2.0,5.0,1.0,1.0,2.0,3.0,3.0,0.0
127,"Reject plan, agreement to settle dispute",0.0,0.0,0.0,0.0,0.0,0.0,0.0,0.0,0.0,0.0,0.0,0.0,0.0,0.0,0.0,0.0,0.0,0.0,0.0,0.0,0.0,0.0,0.0,0.0,0.0,0.0,0.0,0.0,0.0,0.0,0.0,0.0,0.0,0.0,0.0,0.0,0.0,0.0,0.0,0.0,0.0,0.0,0.0,0.0,0.0,0.0,0.0,0.0,0.0,0.0,0.0,0.0,0.0,0.0,1.0,0.0,0.0,0.0,0.0,0.0,0.0,0.0,0.0,0.0,0.0,0.0,0.0,0.0,0.0,0.0,0.0,0.0,0.0,0.0,0.0,0.0
128,"Defy norms, law",2.0,0.0,0.0,0.0,1.0,0.0,12.0,4.0,1.0,0.0,3.0,1.0,2.0,0.0,0.0,0.0,2.0,0.0,0.0,3.0,1.0,0.0,0.0,1.0,0.0,0.0,1.0,0.0,2.0,0.0,0.0,1.0,0.0,0.0,0.0,1.0,0.0,0.0,0.0,0.0,0.0,4.0,0.0,0.0,9.0,1.0,0.0,1.0,1.0,2.0,0.0,0.0,0.0,0.0,2.0,0.0,3.0,1.0,0.0,1.0,5.0,27.0,4.0,1.0,2.0,5.0,2.0,5.0,0.0,0.0,2.0,4.0,5.0,5.0,4.0,0.0
129,Veto,0.0,0.0,0.0,0.0,0.0,0.0,0.0,0.0,0.0,0.0,0.0,0.0,0.0,0.0,0.0,0.0,0.0,0.0,0.0,0.0,0.0,0.0,0.0,0.0,0.0,0.0,0.0,0.0,0.0,0.0,0.0,0.0,0.0,0.0,0.0,0.0,0.0,0.0,0.0,0.0,0.0,2.0,0.0,0.0,0.0,0.0,0.0,0.0,0.0,0.0,0.0,0.0,0.0,0.0,0.0,3.0,0.0,0.0,0.0,0.0,0.0,0.0,0.0,0.0,0.0,0.0,0.0,0.0,0.0,0.0,0.0,0.0,0.0,4.0,0.0,0.0
130,"Threaten, not specified below",1.0,3.0,1.0,0.0,3.0,2.0,20.0,14.0,4.0,18.0,14.0,10.0,12.0,12.0,3.0,3.0,21.0,8.0,12.0,15.0,3.0,12.0,7.0,2.0,15.0,11.0,9.0,4.0,3.0,2.0,3.0,2.0,0.0,0.0,0.0,0.0,5.0,4.0,0.0,0.0,2.0,4.0,5.0,8.0,5.0,9.0,5.0,1.0,5.0,12.0,5.0,4.0,18.0,27.0,149.0,72.0,85.0,18.0,18.0,38.0,18.0,28.0,12.0,29.0,22.0,13.0,26.0,8.0,6.0,13.0,5.0,16.0,2.0,15.0,29.0,0.0
131,"Threaten non-force, not specified below",0.0,0.0,0.0,0.0,0.0,0.0,0.0,0.0,0.0,0.0,0.0,0.0,0.0,0.0,0.0,0.0,0.0,0.0,0.0,0.0,0.0,0.0,1.0,0.0,1.0,0.0,0.0,0.0,2.0,0.0,0.0,0.0,0.0,0.0,0.0,0.0,0.0,0.0,0.0,0.0,0.0,0.0,0.0,0.0,0.0,0.0,0.0,0.0,0.0,0.0,0.0,0.0,0.0,0.0,0.0,0.0,4.0,0.0,0.0,0.0,0.0,2.0,0.0,0.0,0.0,0.0,3.0,0.0,0.0,0.0,0.0,0.0,0.0,0.0,0.0,0.0
133,"Threaten political dissent, protest",1.0,0.0,0.0,0.0,0.0,0.0,0.0,0.0,0.0,0.0,0.0,0.0,2.0,0.0,0.0,0.0,0.0,0.0,0.0,0.0,0.0,0.0,0.0,0.0,0.0,0.0,0.0,0.0,0.0,0.0,0.0,0.0,0.0,0.0,0.0,0.0,0.0,0.0,0.0,0.0,0.0,0.0,1.0,0.0,0.0,0.0,0.0,0.0,0.0,0.0,0.0,0.0,0.0,0.0,0.0,0.0,0.0,0.0,0.0,0.0,0.0,3.0,9.0,0.0,0.0,1.0,0.0,0.0,1.0,0.0,0.0,0.0,0.0,0.0,0.0,0.0
134,Threaten to halt negotiations,0.0,0.0,0.0,0.0,0.0,0.0,0.0,0.0,0.0,0.0,0.0,0.0,0.0,0.0,0.0,0.0,4.0,0.0,0.0,0.0,0.0,0.0,1.0,0.0,0.0,0.0,0.0,0.0,0.0,0.0,0.0,0.0,0.0,0.0,0.0,0.0,0.0,0.0,0.0,0.0,0.0,0.0,0.0,0.0,0.0,0.0,0.0,0.0,0.0,0.0,0.0,0.0,0.0,0.0,0.0,0.0,0.0,0.0,3.0,0.0,0.0,4.0,0.0,0.0,0.0,0.0,0.0,0.0,0.0,0.0,0.0,0.0,0.0,0.0,0.0,0.0
136,Threaten to halt international involvement (non-mediation),0.0,0.0,0.0,0.0,0.0,0.0,0.0,0.0,0.0,0.0,0.0,0.0,0.0,0.0,0.0,0.0,0.0,0.0,0.0,0.0,0.0,0.0,0.0,0.0,0.0,0.0,0.0,0.0,0.0,0.0,0.0,0.0,0.0,0.0,0.0,0.0,0.0,0.0,0.0,0.0,0.0,0.0,0.0,0.0,0.0,0.0,1.0,0.0,0.0,0.0,0.0,0.0,0.0,0.0,7.0,2.0,0.0,0.0,0.0,0.0,0.0,0.0,0.0,0.0,0.0,0.0,0.0,18.0,2.0,0.0,0.0,0.0,0.0,0.0,0.0,0.0
137,Threaten with violent repression,0.0,0.0,0.0,0.0,0.0,0.0,0.0,0.0,0.0,0.0,0.0,0.0,0.0,0.0,0.0,1.0,0.0,0.0,0.0,0.0,0.0,0.0,0.0,0.0,0.0,0.0,0.0,0.0,0.0,0.0,0.0,0.0,0.0,0.0,0.0,0.0,0.0,0.0,0.0,0.0,0.0,0.0,0.0,0.0,0.0,0.0,0.0,0.0,0.0,0.0,0.0,0.0,0.0,0.0,0.0,0.0,0.0,0.0,0.0,0.0,0.0,0.0,0.0,0.0,0.0,0.0,0.0,0.0,0.0,0.0,0.0,0.0,0.0,0.0,0.0,0.0
138,"Threaten to use military force, not specified below",0.0,0.0,0.0,3.0,0.0,0.0,1.0,0.0,0.0,0.0,0.0,0.0,3.0,2.0,0.0,4.0,1.0,0.0,1.0,4.0,0.0,0.0,0.0,1.0,1.0,2.0,4.0,4.0,2.0,0.0,1.0,0.0,0.0,0.0,0.0,0.0,0.0,0.0,0.0,2.0,1.0,0.0,1.0,4.0,3.0,2.0,2.0,0.0,2.0,3.0,0.0,0.0,1.0,2.0,6.0,3.0,9.0,2.0,1.0,3.0,12.0,6.0,22.0,0.0,2.0,3.0,1.0,5.0,0.0,0.0,0.0,0.0,4.0,0.0,0.0,0.0
139,Give ultimatum,1.0,0.0,0.0,0.0,0.0,0.0,1.0,0.0,0.0,0.0,2.0,0.0,0.0,0.0,0.0,0.0,0.0,0.0,0.0,0.0,0.0,1.0,0.0,0.0,0.0,0.0,0.0,0.0,0.0,0.0,0.0,0.0,0.0,0.0,0.0,0.0,0.0,0.0,0.0,0.0,0.0,0.0,0.0,0.0,0.0,1.0,0.0,2.0,0.0,0.0,0.0,0.0,0.0,0.0,0.0,3.0,1.0,4.0,0.0,0.0,0.0,0.0,0.0,0.0,0.0,0.0,1.0,0.0,0.0,0.0,0.0,1.0,0.0,0.0,3.0,2.0
140,"Engage in political dissent, not specified below",0.0,0.0,0.0,0.0,0.0,0.0,0.0,0.0,0.0,0.0,0.0,0.0,1.0,0.0,0.0,0.0,0.0,0.0,0.0,1.0,0.0,0.0,2.0,0.0,0.0,0.0,0.0,2.0,0.0,0.0,0.0,0.0,0.0,0.0,0.0,0.0,0.0,0.0,0.0,0.0,0.0,0.0,0.0,0.0,0.0,0.0,0.0,0.0,0.0,0.0,0.0,0.0,0.0,1.0,0.0,0.0,2.0,1.0,0.0,0.0,0.0,0.0,1.0,2.0,0.0,0.0,0.0,0.0,2.0,0.0,0.0,0.0,0.0,0.0,0.0,0.0
141,Demonstrate or rally,4.0,1.0,0.0,1.0,0.0,0.0,3.0,6.0,2.0,3.0,7.0,1.0,6.0,15.0,1.0,7.0,2.0,8.0,9.0,5.0,5.0,4.0,2.0,6.0,2.0,16.0,7.0,7.0,11.0,3.0,4.0,5.0,1.0,11.0,0.0,0.0,0.0,5.0,0.0,0.0,4.0,5.0,3.0,8.0,4.0,6.0,7.0,3.0,1.0,2.0,5.0,3.0,2.0,4.0,16.0,16.0,8.0,9.0,2.0,11.0,2.0,27.0,55.0,8.0,0.0,27.0,6.0,4.0,11.0,24.0,7.0,4.0,11.0,9.0,12.0,0.0
142,"Conduct hunger strike, not specified below",0.0,0.0,0.0,0.0,0.0,0.0,0.0,0.0,0.0,0.0,0.0,0.0,0.0,0.0,0.0,0.0,0.0,0.0,1.0,0.0,0.0,0.0,0.0,0.0,0.0,0.0,0.0,0.0,0.0,0.0,0.0,0.0,0.0,0.0,0.0,0.0,0.0,0.0,0.0,0.0,0.0,0.0,0.0,0.0,0.0,0.0,0.0,0.0,0.0,0.0,0.0,0.0,0.0,0.0,0.0,0.0,0.0,0.0,0.0,0.0,0.0,0.0,0.0,0.0,0.0,0.0,0.0,0.0,0.0,0.0,0.0,0.0,0.0,0.0,0.0,0.0
143,"Conduct strike or boycott, not specified below",0.0,0.0,0.0,0.0,0.0,0.0,0.0,0.0,0.0,1.0,0.0,0.0,5.0,0.0,0.0,0.0,0.0,0.0,0.0,0.0,0.0,0.0,0.0,1.0,0.0,0.0,0.0,2.0,1.0,0.0,1.0,0.0,0.0,7.0,3.0,0.0,0.0,0.0,0.0,0.0,2.0,0.0,0.0,0.0,0.0,0.0,0.0,1.0,0.0,0.0,0.0,0.0,0.0,3.0,4.0,0.0,6.0,0.0,10.0,0.0,4.0,0.0,0.0,0.0,0.0,0.0,0.0,0.0,0.0,0.0,0.0,0.0,0.0,0.0,3.0,0.0
145,"Protest violently, riot",0.0,0.0,0.0,0.0,0.0,1.0,1.0,2.0,4.0,0.0,0.0,1.0,3.0,1.0,1.0,1.0,0.0,0.0,5.0,0.0,0.0,0.0,0.0,0.0,0.0,2.0,2.0,1.0,0.0,0.0,0.0,0.0,0.0,0.0,0.0,0.0,0.0,0.0,0.0,0.0,0.0,0.0,0.0,0.0,0.0,0.0,0.0,0.0,4.0,2.0,0.0,0.0,2.0,0.0,2.0,0.0,0.0,0.0,0.0,1.0,0.0,0.0,0.0,0.0,0.0,3.0,0.0,0.0,0.0,4.0,0.0,2.0,5.0,0.0,1.0,0.0
150,"Demonstrate military or police power, not specified below",0.0,0.0,0.0,0.0,0.0,0.0,0.0,0.0,6.0,0.0,0.0,0.0,0.0,0.0,1.0,0.0,0.0,0.0,0.0,0.0,0.0,0.0,0.0,0.0,1.0,1.0,0.0,2.0,2.0,0.0,0.0,0.0,0.0,0.0,0.0,0.0,0.0,0.0,0.0,0.0,0.0,0.0,1.0,0.0,1.0,0.0,0.0,0.0,0.0,0.0,0.0,0.0,0.0,3.0,0.0,0.0,0.0,0.0,0.0,0.0,0.0,2.0,1.0,1.0,0.0,2.0,0.0,1.0,0.0,0.0,0.0,3.0,0.0,0.0,29.0,0.0
151,Increase police alert status,0.0,0.0,0.0,0.0,0.0,0.0,0.0,0.0,0.0,0.0,0.0,0.0,2.0,0.0,0.0,0.0,0.0,0.0,0.0,0.0,1.0,0.0,0.0,0.0,0.0,0.0,0.0,0.0,0.0,0.0,0.0,0.0,0.0,0.0,0.0,0.0,0.0,0.0,0.0,0.0,0.0,0.0,0.0,0.0,3.0,0.0,0.0,0.0,0.0,0.0,0.0,0.0,0.0,0.0,0.0,0.0,0.0,0.0,0.0,0.0,0.0,0.0,0.0,0.0,0.0,0.0,0.0,0.0,0.0,0.0,0.0,0.0,1.0,0.0,0.0,0.0
152,Increase military alert status,0.0,0.0,0.0,0.0,0.0,0.0,0.0,0.0,0.0,0.0,0.0,0.0,0.0,0.0,0.0,0.0,0.0,0.0,0.0,0.0,0.0,0.0,0.0,0.0,0.0,0.0,0.0,2.0,0.0,0.0,0.0,0.0,0.0,0.0,0.0,2.0,0.0,0.0,0.0,0.0,0.0,0.0,0.0,2.0,0.0,0.0,0.0,0.0,0.0,1.0,0.0,0.0,0.0,0.0,0.0,0.0,1.0,0.0,7.0,0.0,0.0,0.0,0.0,0.0,0.0,2.0,0.0,0.0,0.0,0.0,0.0,0.0,0.0,0.0,0.0,0.0
153,Mobilize or increase police power,0.0,0.0,0.0,0.0,0.0,0.0,4.0,0.0,0.0,0.0,0.0,0.0,0.0,0.0,0.0,1.0,0.0,0.0,1.0,1.0,0.0,0.0,1.0,5.0,0.0,0.0,0.0,0.0,0.0,0.0,0.0,0.0,1.0,0.0,0.0,0.0,0.0,0.0,0.0,0.0,0.0,0.0,0.0,8.0,0.0,0.0,0.0,0.0,0.0,0.0,0.0,0.0,0.0,3.0,7.0,2.0,4.0,1.0,16.0,3.0,3.0,0.0,0.0,0.0,0.0,8.0,0.0,0.0,0.0,2.0,0.0,0.0,1.0,0.0,6.0,0.0
154,Mobilize or increase armed forces ,2.0,0.0,0.0,0.0,0.0,0.0,0.0,2.0,0.0,1.0,0.0,1.0,0.0,0.0,0.0,0.0,0.0,0.0,0.0,5.0,0.0,0.0,0.0,0.0,1.0,4.0,5.0,0.0,1.0,4.0,2.0,0.0,0.0,0.0,0.0,13.0,0.0,1.0,0.0,0.0,0.0,4.0,16.0,3.0,0.0,0.0,0.0,8.0,0.0,4.0,1.0,0.0,1.0,9.0,106.0,27.0,21.0,12.0,0.0,14.0,4.0,2.0,0.0,0.0,2.0,8.0,0.0,1.0,1.0,1.0,1.0,0.0,0.0,1.0,12.0,0.0
160,"Reduce relations, not specified below",0.0,0.0,0.0,0.0,0.0,0.0,3.0,1.0,2.0,0.0,1.0,3.0,6.0,3.0,3.0,1.0,2.0,3.0,9.0,3.0,2.0,6.0,7.0,2.0,2.0,2.0,4.0,1.0,2.0,0.0,0.0,0.0,1.0,0.0,6.0,0.0,0.0,0.0,0.0,1.0,0.0,1.0,2.0,3.0,2.0,3.0,6.0,0.0,0.0,10.0,2.0,2.0,4.0,33.0,94.0,15.0,39.0,34.0,10.0,0.0,13.0,16.0,17.0,8.0,7.0,2.0,1.0,9.0,0.0,4.0,1.0,3.0,1.0,3.0,7.0,0.0
161,Reduce or break diplomatic relations,0.0,0.0,1.0,11.0,2.0,0.0,0.0,1.0,0.0,2.0,0.0,0.0,0.0,0.0,2.0,0.0,5.0,0.0,0.0,0.0,0.0,0.0,0.0,0.0,0.0,1.0,1.0,1.0,0.0,2.0,1.0,0.0,0.0,0.0,0.0,0.0,0.0,0.0,0.0,0.0,0.0,0.0,1.0,0.0,0.0,1.0,0.0,0.0,0.0,4.0,5.0,4.0,0.0,9.0,5.0,2.0,0.0,6.0,0.0,0.0,0.0,31.0,3.0,1.0,0.0,6.0,3.0,0.0,0.0,2.0,1.0,1.0,0.0,0.0,1.0,0.0
162,"Reduce or stop aid, not specified below",0.0,0.0,0.0,0.0,0.0,0.0,0.0,0.0,1.0,0.0,0.0,0.0,0.0,0.0,0.0,0.0,0.0,0.0,0.0,0.0,0.0,0.0,0.0,0.0,0.0,0.0,2.0,0.0,0.0,0.0,0.0,0.0,0.0,0.0,9.0,0.0,0.0,0.0,0.0,0.0,8.0,2.0,0.0,1.0,0.0,0.0,0.0,0.0,0.0,2.0,0.0,0.0,0.0,0.0,1.0,0.0,0.0,0.0,2.0,0.0,0.0,0.0,0.0,1.0,0.0,0.0,0.0,0.0,0.0,0.0,0.0,0.0,0.0,0.0,0.0,1.0
163,"Impose embargo, boycott, or sanctions",0.0,0.0,0.0,0.0,0.0,0.0,2.0,22.0,1.0,3.0,0.0,1.0,5.0,1.0,0.0,2.0,0.0,2.0,0.0,1.0,6.0,0.0,0.0,0.0,0.0,5.0,5.0,0.0,0.0,1.0,0.0,0.0,2.0,13.0,2.0,1.0,2.0,0.0,0.0,0.0,0.0,7.0,0.0,18.0,0.0,0.0,0.0,3.0,0.0,1.0,2.0,0.0,0.0,0.0,0.0,0.0,0.0,0.0,0.0,0.0,0.0,1.0,0.0,2.0,1.0,0.0,4.0,0.0,0.0,1.0,0.0,0.0,1.0,12.0,3.0,0.0
164,Halt negotiations,0.0,0.0,0.0,0.0,0.0,0.0,0.0,0.0,0.0,0.0,1.0,0.0,2.0,0.0,1.0,0.0,0.0,0.0,3.0,0.0,0.0,0.0,0.0,0.0,6.0,1.0,0.0,0.0,0.0,2.0,0.0,0.0,0.0,0.0,0.0,3.0,0.0,0.0,0.0,0.0,0.0,0.0,0.0,0.0,0.0,0.0,0.0,0.0,0.0,8.0,0.0,0.0,0.0,0.0,2.0,1.0,3.0,0.0,0.0,0.0,0.0,0.0,0.0,0.0,0.0,0.0,2.0,0.0,0.0,0.0,0.0,0.0,3.0,0.0,2.0,0.0
166,"Expel or withdraw, not specified below",0.0,0.0,0.0,0.0,0.0,0.0,0.0,1.0,0.0,0.0,0.0,0.0,0.0,0.0,0.0,0.0,0.0,0.0,0.0,0.0,0.0,0.0,0.0,0.0,0.0,0.0,0.0,0.0,0.0,0.0,0.0,0.0,0.0,0.0,0.0,0.0,0.0,0.0,0.0,0.0,0.0,0.0,0.0,0.0,0.0,0.0,0.0,0.0,0.0,0.0,0.0,0.0,0.0,6.0,2.0,0.0,0.0,0.0,2.0,0.0,0.0,0.0,0.0,0.0,0.0,1.0,0.0,0.0,0.0,0.0,0.0,0.0,0.0,0.0,0.0,0.0
170,"Coerce, not specified below ",0.0,0.0,0.0,0.0,0.0,0.0,0.0,0.0,0.0,0.0,0.0,0.0,0.0,0.0,0.0,0.0,0.0,0.0,0.0,0.0,0.0,0.0,0.0,0.0,0.0,0.0,0.0,0.0,0.0,0.0,0.0,0.0,0.0,0.0,0.0,0.0,0.0,0.0,0.0,0.0,0.0,0.0,0.0,0.0,0.0,0.0,0.0,0.0,0.0,0.0,0.0,0.0,0.0,0.0,3.0,0.0,0.0,0.0,0.0,0.0,0.0,2.0,0.0,0.0,0.0,0.0,0.0,0.0,0.0,0.0,0.0,1.0,0.0,1.0,0.0,0.0
171,"Seize or damage property, not specified below",0.0,0.0,0.0,0.0,0.0,0.0,1.0,1.0,0.0,1.0,0.0,0.0,0.0,0.0,1.0,0.0,0.0,0.0,1.0,0.0,0.0,0.0,0.0,0.0,0.0,0.0,0.0,0.0,0.0,0.0,0.0,0.0,0.0,0.0,0.0,1.0,1.0,0.0,0.0,0.0,0.0,0.0,0.0,1.0,0.0,1.0,0.0,0.0,0.0,0.0,0.0,0.0,0.0,0.0,0.0,0.0,4.0,0.0,0.0,0.0,0.0,0.0,0.0,2.0,0.0,0.0,3.0,0.0,0.0,1.0,0.0,0.0,0.0,0.0,0.0,0.0
172,"Impose administrative sanctions, not specified below",0.0,1.0,3.0,0.0,0.0,1.0,3.0,7.0,0.0,4.0,4.0,2.0,5.0,3.0,0.0,1.0,1.0,4.0,2.0,10.0,3.0,1.0,6.0,8.0,0.0,7.0,4.0,17.0,3.0,1.0,18.0,1.0,1.0,1.0,1.0,0.0,0.0,1.0,1.0,0.0,7.0,4.0,3.0,8.0,2.0,10.0,4.0,0.0,3.0,23.0,45.0,8.0,2.0,12.0,138.0,78.0,180.0,28.0,79.0,23.0,12.0,37.0,23.0,25.0,11.0,39.0,13.0,7.0,1.0,10.0,16.0,29.0,10.0,35.0,6.0,0.0
173,"Arrest, detain, or charge with legal action ",32.0,21.0,8.0,6.0,3.0,10.0,61.0,26.0,18.0,21.0,24.0,22.0,24.0,42.0,13.0,37.0,35.0,34.0,32.0,22.0,23.0,49.0,41.0,26.0,11.0,32.0,185.0,185.0,27.0,49.0,26.0,25.0,10.0,11.0,17.0,12.0,13.0,9.0,2.0,4.0,37.0,41.0,55.0,96.0,106.0,80.0,10.0,16.0,26.0,29.0,33.0,26.0,44.0,36.0,23.0,55.0,31.0,47.0,12.0,28.0,49.0,106.0,36.0,58.0,36.0,97.0,84.0,61.0,70.0,28.0,44.0,41.0,57.0,70.0,28.0,8.0
174,Expel or deport individuals,1.0,0.0,0.0,0.0,0.0,0.0,2.0,0.0,0.0,0.0,0.0,1.0,2.0,0.0,2.0,3.0,1.0,0.0,0.0,1.0,0.0,0.0,2.0,0.0,2.0,0.0,3.0,0.0,0.0,0.0,0.0,0.0,0.0,0.0,0.0,0.0,3.0,0.0,0.0,0.0,0.0,0.0,12.0,2.0,1.0,0.0,0.0,2.0,0.0,2.0,1.0,0.0,0.0,4.0,2.0,5.0,2.0,9.0,0.0,0.0,0.0,32.0,4.0,0.0,0.0,0.0,4.0,4.0,1.0,14.0,2.0,2.0,0.0,1.0,0.0,0.0
175,Use tactics of violent repression  ,0.0,0.0,0.0,0.0,0.0,0.0,0.0,0.0,0.0,0.0,7.0,0.0,0.0,0.0,0.0,0.0,8.0,4.0,2.0,0.0,2.0,0.0,0.0,0.0,0.0,0.0,1.0,4.0,2.0,0.0,0.0,1.0,0.0,0.0,0.0,1.0,0.0,0.0,0.0,0.0,0.0,0.0,0.0,0.0,1.0,8.0,0.0,0.0,1.0,0.0,0.0,0.0,0.0,0.0,0.0,1.0,0.0,2.0,0.0,6.0,0.0,0.0,2.0,5.0,0.0,1.0,1.0,0.0,1.0,4.0,12.0,0.0,0.0,0.0,0.0,0.0
180,"Use unconventional violence, not specified below",4.0,0.0,1.0,8.0,0.0,1.0,14.0,6.0,0.0,5.0,3.0,6.0,4.0,5.0,5.0,2.0,7.0,8.0,18.0,5.0,6.0,7.0,8.0,6.0,6.0,3.0,17.0,2.0,0.0,3.0,0.0,6.0,0.0,1.0,1.0,0.0,2.0,0.0,0.0,1.0,1.0,10.0,3.0,11.0,12.0,13.0,2.0,0.0,4.0,1.0,0.0,4.0,1.0,0.0,2.0,1.0,1.0,0.0,0.0,2.0,8.0,7.0,5.0,4.0,1.0,3.0,1.0,5.0,9.0,9.0,3.0,4.0,15.0,13.0,24.0,0.0
181,"Abduct, hijack, or take hostage ",0.0,0.0,0.0,0.0,0.0,0.0,1.0,0.0,0.0,0.0,0.0,0.0,0.0,2.0,1.0,0.0,5.0,0.0,0.0,0.0,0.0,0.0,0.0,4.0,0.0,2.0,1.0,2.0,0.0,1.0,0.0,0.0,0.0,0.0,0.0,0.0,0.0,0.0,0.0,2.0,0.0,0.0,0.0,0.0,8.0,0.0,7.0,0.0,0.0,9.0,2.0,2.0,0.0,2.0,2.0,2.0,2.0,0.0,0.0,1.0,3.0,4.0,1.0,0.0,4.0,0.0,4.0,0.0,1.0,8.0,1.0,1.0,1.0,0.0,1.0,0.0
182,"Physically assault, not specified below",0.0,0.0,0.0,0.0,0.0,0.0,1.0,0.0,0.0,1.0,0.0,0.0,0.0,0.0,0.0,1.0,0.0,0.0,0.0,7.0,3.0,2.0,1.0,1.0,3.0,6.0,0.0,1.0,4.0,0.0,3.0,0.0,0.0,0.0,1.0,0.0,0.0,0.0,0.0,1.0,1.0,0.0,0.0,0.0,0.0,0.0,0.0,0.0,0.0,0.0,0.0,2.0,1.0,0.0,0.0,2.0,9.0,3.0,0.0,0.0,2.0,1.0,0.0,2.0,0.0,0.0,2.0,3.0,1.0,0.0,1.0,2.0,1.0,1.0,8.0,0.0
183,"Conduct suicide, car, or other non-military bombing, not spec below",0.0,0.0,0.0,0.0,0.0,0.0,0.0,0.0,0.0,0.0,0.0,0.0,0.0,0.0,0.0,0.0,0.0,0.0,0.0,0.0,0.0,0.0,0.0,0.0,0.0,0.0,0.0,0.0,0.0,0.0,0.0,0.0,0.0,0.0,0.0,0.0,0.0,0.0,0.0,0.0,0.0,0.0,0.0,0.0,6.0,0.0,0.0,0.0,0.0,0.0,0.0,0.0,0.0,0.0,0.0,0.0,0.0,0.0,0.0,0.0,0.0,0.0,0.0,0.0,0.0,0.0,0.0,0.0,0.0,0.0,0.0,0.0,0.0,2.0,0.0,0.0
185,Attempt to assassinate,0.0,0.0,0.0,0.0,0.0,0.0,0.0,0.0,0.0,0.0,0.0,0.0,0.0,0.0,0.0,0.0,0.0,0.0,2.0,0.0,0.0,0.0,0.0,0.0,1.0,0.0,0.0,0.0,0.0,0.0,0.0,0.0,0.0,0.0,0.0,0.0,0.0,0.0,0.0,0.0,0.0,0.0,0.0,0.0,0.0,0.0,0.0,0.0,0.0,0.0,0.0,0.0,0.0,0.0,0.0,0.0,0.0,0.0,0.0,0.0,0.0,0.0,0.0,0.0,0.0,0.0,0.0,0.0,0.0,0.0,0.0,0.0,0.0,0.0,0.0,0.0
186,Assassinate ,0.0,0.0,0.0,0.0,0.0,1.0,0.0,0.0,0.0,0.0,0.0,0.0,1.0,0.0,0.0,1.0,2.0,5.0,2.0,2.0,3.0,0.0,0.0,0.0,2.0,0.0,2.0,1.0,2.0,0.0,1.0,0.0,0.0,0.0,0.0,0.0,0.0,0.0,0.0,0.0,0.0,0.0,0.0,0.0,1.0,0.0,0.0,1.0,2.0,0.0,0.0,3.0,0.0,0.0,0.0,1.0,1.0,0.0,0.0,1.0,0.0,0.0,4.0,4.0,2.0,0.0,1.0,1.0,1.0,0.0,0.0,2.0,0.0,0.0,0.0,0.0
190,"Use conventional military force, not specified below",17.0,7.0,7.0,3.0,4.0,8.0,99.0,14.0,7.0,33.0,20.0,12.0,17.0,23.0,14.0,14.0,37.0,27.0,24.0,38.0,14.0,19.0,11.0,24.0,10.0,18.0,48.0,33.0,14.0,22.0,19.0,10.0,4.0,18.0,10.0,7.0,1.0,15.0,1.0,8.0,17.0,9.0,27.0,21.0,26.0,20.0,13.0,13.0,21.0,24.0,24.0,14.0,13.0,154.0,265.0,98.0,250.0,84.0,48.0,66.0,63.0,65.0,38.0,35.0,45.0,79.0,87.0,52.0,21.0,62.0,22.0,41.0,31.0,36.0,67.0,2.0
191,"Impose blockade, restrict movement ",0.0,0.0,0.0,0.0,0.0,3.0,0.0,0.0,0.0,0.0,1.0,0.0,0.0,0.0,0.0,0.0,0.0,0.0,0.0,0.0,0.0,0.0,0.0,0.0,0.0,0.0,0.0,0.0,0.0,0.0,0.0,0.0,0.0,0.0,0.0,0.0,0.0,0.0,0.0,0.0,0.0,0.0,0.0,0.0,0.0,2.0,1.0,1.0,0.0,0.0,0.0,0.0,0.0,0.0,41.0,37.0,21.0,0.0,1.0,1.0,1.0,11.0,0.0,0.0,1.0,0.0,1.0,0.0,0.0,0.0,0.0,1.0,1.0,0.0,0.0,0.0
192,Occupy territory,3.0,0.0,0.0,0.0,1.0,1.0,2.0,1.0,0.0,0.0,19.0,17.0,11.0,17.0,8.0,3.0,3.0,4.0,2.0,0.0,0.0,1.0,8.0,1.0,0.0,12.0,3.0,16.0,11.0,4.0,5.0,1.0,1.0,4.0,9.0,5.0,0.0,0.0,3.0,0.0,0.0,4.0,6.0,5.0,0.0,4.0,0.0,0.0,10.0,16.0,0.0,2.0,3.0,9.0,57.0,43.0,21.0,2.0,26.0,4.0,2.0,1.0,3.0,25.0,8.0,1.0,13.0,5.0,1.0,13.0,6.0,2.0,1.0,1.0,2.0,0.0
193,Fight with small arms and light weapons,3.0,0.0,0.0,0.0,1.0,2.0,1.0,3.0,2.0,3.0,6.0,1.0,1.0,2.0,3.0,3.0,1.0,2.0,9.0,9.0,1.0,4.0,0.0,2.0,1.0,1.0,5.0,7.0,8.0,2.0,3.0,2.0,0.0,0.0,1.0,0.0,0.0,10.0,0.0,1.0,2.0,4.0,0.0,4.0,1.0,9.0,12.0,1.0,6.0,1.0,4.0,6.0,1.0,0.0,6.0,3.0,8.0,3.0,11.0,13.0,1.0,6.0,1.0,22.0,11.0,9.0,11.0,1.0,12.0,7.0,5.0,5.0,12.0,9.0,5.0,1.0
194,Fight with artillery and tanks,0.0,0.0,0.0,0.0,0.0,0.0,0.0,0.0,0.0,0.0,0.0,0.0,0.0,0.0,0.0,0.0,0.0,0.0,1.0,0.0,0.0,0.0,0.0,0.0,0.0,0.0,0.0,0.0,0.0,0.0,0.0,0.0,0.0,0.0,0.0,0.0,0.0,0.0,0.0,0.0,0.0,1.0,0.0,0.0,0.0,0.0,0.0,0.0,0.0,0.0,0.0,0.0,0.0,0.0,0.0,0.0,0.0,0.0,0.0,0.0,0.0,0.0,0.0,0.0,0.0,0.0,0.0,0.0,0.0,0.0,0.0,0.0,0.0,0.0,0.0,0.0
195,Employ aerial weapons,2.0,0.0,0.0,0.0,0.0,0.0,0.0,0.0,0.0,0.0,0.0,0.0,6.0,2.0,0.0,0.0,0.0,0.0,0.0,0.0,0.0,0.0,0.0,0.0,0.0,0.0,0.0,0.0,0.0,0.0,0.0,0.0,0.0,0.0,0.0,0.0,0.0,0.0,0.0,0.0,0.0,0.0,0.0,0.0,0.0,0.0,0.0,0.0,0.0,0.0,0.0,0.0,0.0,0.0,0.0,0.0,0.0,0.0,0.0,0.0,0.0,0.0,0.0,0.0,0.0,0.0,0.0,0.0,0.0,0.0,0.0,0.0,0.0,0.0,0.0,0.0
201,Engage in mass expulsion,0.0,0.0,0.0,0.0,0.0,0.0,0.0,0.0,0.0,0.0,0.0,0.0,0.0,0.0,0.0,0.0,0.0,0.0,0.0,0.0,0.0,0.0,0.0,0.0,0.0,0.0,0.0,0.0,0.0,0.0,0.0,0.0,0.0,0.0,0.0,0.0,0.0,0.0,0.0,0.0,0.0,0.0,0.0,0.0,0.0,0.0,0.0,3.0,0.0,1.0,0.0,0.0,0.0,0.0,0.0,0.0,0.0,0.0,0.0,0.0,0.0,0.0,0.0,0.0,0.0,0.0,0.0,0.0,0.0,0.0,0.0,0.0,0.0,0.0,0.0,0.0
202,Engage in mass killings,0.0,0.0,0.0,0.0,0.0,0.0,0.0,0.0,0.0,2.0,0.0,0.0,0.0,0.0,0.0,0.0,0.0,0.0,0.0,0.0,0.0,0.0,0.0,0.0,0.0,0.0,0.0,0.0,0.0,0.0,0.0,0.0,0.0,0.0,0.0,0.0,0.0,0.0,0.0,0.0,0.0,0.0,0.0,0.0,0.0,0.0,0.0,0.0,0.0,0.0,1.0,0.0,0.0,0.0,0.0,0.0,0.0,0.0,0.0,0.0,0.0,0.0,0.0,0.0,0.0,0.0,0.0,0.0,0.0,0.0,0.0,0.0,0.0,0.0,0.0,0.0
203,Engage in ethnic cleansing,0.0,0.0,0.0,0.0,0.0,0.0,0.0,0.0,0.0,0.0,0.0,0.0,0.0,0.0,0.0,0.0,0.0,0.0,0.0,0.0,0.0,0.0,0.0,0.0,0.0,0.0,0.0,0.0,0.0,0.0,0.0,0.0,0.0,0.0,0.0,0.0,0.0,0.0,0.0,2.0,0.0,0.0,2.0,0.0,0.0,0.0,0.0,0.0,0.0,0.0,0.0,0.0,1.0,0.0,0.0,0.0,0.0,0.0,0.0,0.0,0.0,0.0,0.0,0.0,0.0,0.0,0.0,0.0,0.0,0.0,0.0,0.0,1.0,0.0,0.0,0.0
211,Appeal for economic cooperation,0.0,0.0,0.0,0.0,0.0,0.0,0.0,0.0,2.0,3.0,0.0,0.0,2.0,0.0,0.0,0.0,0.0,0.0,0.0,0.0,0.0,0.0,0.0,0.0,0.0,0.0,0.0,0.0,2.0,0.0,0.0,0.0,0.0,0.0,0.0,0.0,0.0,0.0,0.0,0.0,1.0,2.0,2.0,0.0,1.0,0.0,0.0,0.0,0.0,0.0,0.0,0.0,0.0,0.0,0.0,0.0,0.0,0.0,0.0,0.0,0.0,0.0,0.0,0.0,0.0,0.0,2.0,0.0,0.0,0.0,0.0,1.0,0.0,4.0,0.0,0.0
214,Appeal for intelligence,0.0,0.0,0.0,0.0,0.0,0.0,0.0,0.0,4.0,1.0,0.0,0.0,0.0,0.0,0.0,0.0,0.0,2.0,2.0,3.0,1.0,1.0,0.0,0.0,0.0,0.0,0.0,0.0,0.0,0.0,0.0,0.0,0.0,0.0,1.0,1.0,0.0,0.0,0.0,0.0,1.0,0.0,0.0,1.0,0.0,0.0,0.0,0.0,0.0,0.0,0.0,0.0,0.0,0.0,0.0,0.0,0.0,5.0,0.0,1.0,0.0,2.0,0.0,0.0,0.0,1.0,2.0,1.0,0.0,0.0,0.0,0.0,0.0,0.0,0.0,0.0
231,Appeal for economic aid,1.0,0.0,0.0,4.0,2.0,0.0,1.0,0.0,0.0,3.0,5.0,2.0,0.0,2.0,0.0,0.0,0.0,0.0,0.0,0.0,0.0,0.0,1.0,0.0,0.0,0.0,0.0,3.0,0.0,0.0,0.0,1.0,2.0,1.0,0.0,0.0,1.0,0.0,0.0,0.0,0.0,0.0,1.0,19.0,1.0,0.0,0.0,0.0,13.0,0.0,1.0,3.0,1.0,0.0,11.0,9.0,5.0,4.0,2.0,4.0,1.0,4.0,3.0,2.0,0.0,0.0,10.0,1.0,3.0,4.0,0.0,0.0,1.0,0.0,0.0,0.0
232,Appeal for military aid,0.0,0.0,0.0,0.0,0.0,0.0,0.0,0.0,0.0,0.0,0.0,0.0,0.0,0.0,0.0,0.0,0.0,0.0,0.0,0.0,0.0,0.0,0.0,0.0,0.0,0.0,1.0,0.0,0.0,0.0,0.0,0.0,0.0,0.0,0.0,0.0,0.0,0.0,0.0,0.0,0.0,0.0,0.0,0.0,0.0,0.0,0.0,0.0,0.0,0.0,0.0,0.0,0.0,0.0,0.0,0.0,3.0,0.0,0.0,0.0,0.0,0.0,0.0,0.0,0.0,0.0,0.0,0.0,0.0,0.0,0.0,0.0,0.0,0.0,0.0,0.0
233,Appeal for humanitarian aid,0.0,0.0,0.0,0.0,0.0,0.0,1.0,0.0,0.0,0.0,0.0,0.0,0.0,0.0,0.0,0.0,0.0,0.0,0.0,0.0,0.0,0.0,0.0,0.0,0.0,0.0,0.0,0.0,0.0,0.0,0.0,0.0,0.0,0.0,0.0,0.0,0.0,0.0,0.0,0.0,0.0,2.0,0.0,2.0,1.0,9.0,1.0,0.0,0.0,0.0,0.0,0.0,0.0,0.0,1.0,0.0,0.0,0.0,0.0,0.0,1.0,149.0,15.0,3.0,0.0,2.0,2.0,4.0,0.0,6.0,0.0,0.0,0.0,0.0,0.0,0.0
234,Appeal for military protection or peacekeeping,0.0,0.0,0.0,0.0,0.0,0.0,2.0,0.0,0.0,2.0,2.0,0.0,0.0,0.0,0.0,0.0,0.0,0.0,0.0,0.0,0.0,1.0,1.0,0.0,0.0,2.0,1.0,0.0,0.0,0.0,0.0,0.0,0.0,0.0,0.0,0.0,0.0,0.0,1.0,0.0,0.0,0.0,0.0,2.0,3.0,0.0,0.0,0.0,0.0,0.0,0.0,1.0,0.0,1.0,4.0,1.0,1.0,0.0,0.0,2.0,0.0,8.0,1.0,0.0,0.0,0.0,0.0,0.0,4.0,1.0,1.0,5.0,1.0,0.0,0.0,1.0
241,Appeal for change in leadership,0.0,0.0,0.0,0.0,0.0,0.0,0.0,1.0,0.0,0.0,0.0,0.0,0.0,0.0,0.0,1.0,0.0,2.0,2.0,2.0,0.0,0.0,0.0,0.0,0.0,0.0,0.0,0.0,2.0,0.0,0.0,0.0,1.0,2.0,0.0,0.0,0.0,0.0,0.0,0.0,0.0,0.0,0.0,0.0,0.0,0.0,0.0,0.0,0.0,0.0,0.0,0.0,0.0,0.0,0.0,0.0,0.0,0.0,2.0,0.0,0.0,0.0,0.0,1.0,5.0,0.0,0.0,0.0,0.0,0.0,0.0,0.0,0.0,0.0,0.0,0.0
243,Appeal for rights,0.0,0.0,0.0,0.0,0.0,0.0,0.0,0.0,0.0,0.0,0.0,0.0,0.0,0.0,0.0,0.0,0.0,0.0,0.0,0.0,0.0,0.0,0.0,0.0,0.0,0.0,6.0,0.0,0.0,0.0,0.0,0.0,0.0,5.0,0.0,0.0,0.0,0.0,0.0,0.0,0.0,0.0,0.0,0.0,0.0,0.0,0.0,0.0,0.0,0.0,0.0,0.0,0.0,0.0,0.0,0.0,0.0,0.0,0.0,0.0,0.0,0.0,0.0,0.0,0.0,0.0,0.0,0.0,0.0,0.0,0.0,0.0,0.0,0.0,0.0,0.0
251,Appeal for easing of administrative sanctions,0.0,0.0,0.0,0.0,0.0,0.0,0.0,0.0,0.0,0.0,0.0,0.0,0.0,0.0,0.0,0.0,0.0,0.0,0.0,0.0,0.0,0.0,0.0,0.0,0.0,0.0,0.0,0.0,0.0,0.0,0.0,0.0,0.0,0.0,0.0,0.0,0.0,0.0,0.0,0.0,0.0,0.0,0.0,0.0,0.0,0.0,0.0,0.0,0.0,0.0,0.0,0.0,0.0,0.0,0.0,0.0,0.0,0.0,0.0,0.0,0.0,0.0,0.0,0.0,0.0,0.0,0.0,0.0,0.0,1.0,0.0,0.0,0.0,0.0,0.0,0.0
253,Appeal for release of persons or property,1.0,0.0,0.0,0.0,0.0,0.0,0.0,0.0,0.0,0.0,0.0,1.0,3.0,0.0,0.0,0.0,1.0,0.0,3.0,1.0,0.0,0.0,1.0,0.0,0.0,0.0,0.0,0.0,0.0,0.0,0.0,0.0,0.0,0.0,0.0,0.0,1.0,0.0,0.0,0.0,0.0,0.0,0.0,5.0,0.0,0.0,0.0,0.0,0.0,0.0,1.0,0.0,0.0,0.0,0.0,0.0,1.0,1.0,0.0,0.0,0.0,0.0,0.0,1.0,0.0,0.0,1.0,0.0,0.0,1.0,0.0,0.0,0.0,0.0,0.0,0.0
254,"Appeal for easing of economic sanctions, boycott, or embargo",0.0,0.0,0.0,0.0,0.0,0.0,0.0,0.0,0.0,0.0,0.0,0.0,0.0,0.0,0.0,0.0,0.0,0.0,0.0,0.0,0.0,0.0,0.0,0.0,0.0,0.0,0.0,0.0,0.0,0.0,0.0,0.0,0.0,0.0,0.0,0.0,0.0,0.0,0.0,0.0,0.0,0.0,0.0,0.0,0.0,0.0,0.0,0.0,0.0,0.0,0.0,0.0,0.0,0.0,0.0,0.0,0.0,0.0,1.0,0.0,0.0,0.0,0.0,0.0,2.0,0.0,0.0,0.0,0.0,0.0,0.0,0.0,0.0,0.0,0.0,0.0
255,Appeal for target to allow international involvement (non-mediation),0.0,0.0,0.0,0.0,0.0,0.0,0.0,0.0,0.0,0.0,0.0,0.0,0.0,0.0,0.0,0.0,1.0,0.0,0.0,0.0,0.0,0.0,0.0,0.0,0.0,0.0,0.0,0.0,0.0,0.0,0.0,0.0,0.0,0.0,0.0,0.0,0.0,0.0,0.0,0.0,0.0,0.0,0.0,0.0,0.0,0.0,0.0,0.0,0.0,0.0,0.0,0.0,0.0,0.0,1.0,0.0,0.0,0.0,0.0,0.0,0.0,0.0,0.0,0.0,0.0,0.0,0.0,0.0,0.0,0.0,0.0,0.0,0.0,0.0,0.0,0.0
256,Appeal for de-escalation of military engagement,0.0,0.0,0.0,0.0,0.0,0.0,0.0,2.0,0.0,0.0,0.0,0.0,0.0,0.0,0.0,0.0,0.0,0.0,2.0,0.0,0.0,0.0,0.0,0.0,0.0,0.0,0.0,0.0,0.0,0.0,0.0,0.0,0.0,0.0,0.0,0.0,0.0,0.0,0.0,0.0,0.0,0.0,1.0,0.0,1.0,0.0,0.0,0.0,0.0,0.0,0.0,0.0,0.0,0.0,0.0,0.0,0.0,0.0,0.0,0.0,1.0,0.0,0.0,0.0,0.0,0.0,1.0,0.0,0.0,0.0,0.0,0.0,0.0,0.0,0.0,0.0
311,Express intent to cooperate economically,0.0,1.0,0.0,0.0,0.0,0.0,0.0,0.0,2.0,3.0,1.0,0.0,3.0,0.0,0.0,2.0,0.0,0.0,2.0,0.0,1.0,2.0,3.0,1.0,1.0,0.0,7.0,2.0,2.0,0.0,2.0,0.0,2.0,0.0,0.0,0.0,0.0,0.0,0.0,0.0,0.0,1.0,0.0,2.0,0.0,0.0,0.0,0.0,4.0,4.0,1.0,0.0,3.0,0.0,5.0,0.0,1.0,0.0,2.0,3.0,0.0,2.0,6.0,0.0,2.0,1.0,1.0,0.0,11.0,3.0,1.0,6.0,6.0,0.0,0.0,0.0
312,Express intent to cooperate militarily,0.0,0.0,0.0,0.0,0.0,0.0,0.0,0.0,0.0,0.0,0.0,0.0,0.0,0.0,0.0,0.0,2.0,0.0,0.0,0.0,0.0,0.0,0.0,0.0,0.0,0.0,0.0,0.0,0.0,0.0,0.0,0.0,0.0,0.0,0.0,0.0,0.0,0.0,0.0,0.0,0.0,0.0,0.0,0.0,0.0,0.0,0.0,0.0,0.0,0.0,0.0,0.0,0.0,0.0,0.0,0.0,0.0,0.0,1.0,0.0,0.0,0.0,0.0,0.0,0.0,0.0,0.0,0.0,0.0,0.0,0.0,0.0,0.0,0.0,0.0,0.0
331,Express intent to provide economic aid,0.0,0.0,0.0,0.0,0.0,0.0,3.0,0.0,0.0,0.0,0.0,0.0,0.0,0.0,0.0,1.0,1.0,0.0,3.0,0.0,0.0,0.0,0.0,0.0,0.0,0.0,2.0,0.0,1.0,0.0,1.0,0.0,0.0,0.0,0.0,0.0,0.0,0.0,0.0,1.0,1.0,2.0,3.0,0.0,0.0,1.0,0.0,0.0,0.0,0.0,1.0,0.0,0.0,0.0,0.0,3.0,2.0,1.0,0.0,0.0,2.0,2.0,0.0,2.0,1.0,3.0,2.0,0.0,1.0,1.0,0.0,0.0,0.0,0.0,1.0,0.0
332,Express intent to provide military aid,1.0,0.0,0.0,0.0,0.0,0.0,2.0,0.0,0.0,1.0,0.0,13.0,0.0,0.0,0.0,0.0,0.0,0.0,0.0,3.0,2.0,0.0,0.0,1.0,1.0,0.0,0.0,2.0,0.0,0.0,0.0,0.0,0.0,0.0,0.0,0.0,0.0,0.0,0.0,0.0,1.0,0.0,0.0,1.0,2.0,0.0,0.0,0.0,0.0,0.0,0.0,1.0,0.0,0.0,1.0,1.0,8.0,1.0,2.0,0.0,0.0,3.0,0.0,0.0,0.0,0.0,1.0,0.0,0.0,1.0,0.0,0.0,0.0,4.0,4.0,0.0
333,Express intent to provide humanitarian aid,0.0,0.0,0.0,0.0,0.0,0.0,0.0,0.0,0.0,0.0,2.0,0.0,0.0,0.0,0.0,0.0,0.0,0.0,0.0,0.0,0.0,1.0,0.0,0.0,0.0,0.0,1.0,0.0,0.0,0.0,0.0,0.0,0.0,0.0,0.0,0.0,0.0,0.0,0.0,0.0,0.0,0.0,0.0,0.0,0.0,0.0,0.0,0.0,0.0,0.0,0.0,0.0,0.0,1.0,0.0,0.0,0.0,3.0,0.0,0.0,0.0,0.0,0.0,0.0,0.0,0.0,0.0,2.0,0.0,0.0,0.0,0.0,0.0,0.0,0.0,0.0
334,Express intent to provide military protection or peacekeeping,0.0,0.0,0.0,0.0,0.0,0.0,0.0,0.0,0.0,0.0,0.0,0.0,0.0,0.0,0.0,0.0,0.0,0.0,0.0,0.0,0.0,4.0,0.0,0.0,2.0,0.0,0.0,0.0,0.0,0.0,0.0,0.0,0.0,0.0,0.0,0.0,0.0,0.0,0.0,0.0,0.0,0.0,0.0,0.0,1.0,0.0,0.0,0.0,0.0,0.0,0.0,0.0,0.0,0.0,0.0,0.0,0.0,0.0,2.0,0.0,0.0,0.0,0.0,0.0,0.0,0.0,0.0,0.0,0.0,0.0,0.0,4.0,0.0,0.0,0.0,0.0
351,Express intent to ease administrative sanctions,0.0,0.0,0.0,0.0,0.0,0.0,0.0,0.0,0.0,0.0,0.0,0.0,0.0,0.0,0.0,0.0,0.0,0.0,0.0,0.0,2.0,0.0,0.0,0.0,0.0,0.0,0.0,0.0,0.0,0.0,0.0,0.0,0.0,0.0,0.0,0.0,0.0,0.0,0.0,0.0,0.0,0.0,0.0,0.0,0.0,0.0,0.0,0.0,0.0,0.0,0.0,0.0,0.0,0.0,0.0,0.0,0.0,0.0,0.0,0.0,0.0,0.0,0.0,0.0,0.0,0.0,0.0,0.0,0.0,0.0,0.0,0.0,0.0,0.0,0.0,0.0
353,Express intent to release persons or property,1.0,0.0,0.0,0.0,0.0,0.0,0.0,3.0,0.0,0.0,1.0,0.0,0.0,0.0,4.0,0.0,0.0,2.0,0.0,0.0,1.0,0.0,0.0,0.0,0.0,0.0,1.0,0.0,2.0,0.0,0.0,1.0,0.0,0.0,0.0,0.0,0.0,0.0,0.0,0.0,0.0,0.0,1.0,0.0,0.0,1.0,0.0,2.0,0.0,5.0,0.0,0.0,0.0,0.0,0.0,1.0,0.0,1.0,0.0,0.0,0.0,6.0,0.0,2.0,0.0,2.0,1.0,3.0,1.0,0.0,0.0,0.0,0.0,3.0,0.0,0.0
356,Express intent to de-escalate military engagement ,0.0,0.0,0.0,0.0,0.0,0.0,0.0,1.0,0.0,0.0,0.0,0.0,0.0,0.0,0.0,0.0,0.0,0.0,0.0,0.0,0.0,0.0,0.0,0.0,0.0,0.0,1.0,0.0,0.0,0.0,0.0,0.0,0.0,2.0,0.0,0.0,0.0,0.0,0.0,0.0,0.0,0.0,0.0,1.0,3.0,0.0,0.0,0.0,0.0,0.0,1.0,0.0,0.0,0.0,0.0,0.0,0.0,0.0,0.0,0.0,0.0,0.0,0.0,5.0,0.0,0.0,0.0,0.0,0.0,1.0,0.0,0.0,0.0,0.0,0.0,0.0
811,Ease restrictions on political freedoms,0.0,0.0,0.0,0.0,0.0,0.0,0.0,0.0,0.0,0.0,0.0,0.0,0.0,0.0,0.0,0.0,0.0,0.0,0.0,0.0,0.0,0.0,0.0,0.0,0.0,0.0,0.0,0.0,0.0,0.0,0.0,0.0,0.0,0.0,0.0,0.0,0.0,0.0,0.0,0.0,0.0,0.0,0.0,0.0,0.0,0.0,0.0,0.0,0.0,0.0,0.0,1.0,0.0,0.0,0.0,0.0,0.0,0.0,0.0,0.0,0.0,0.0,0.0,0.0,0.0,0.0,0.0,0.0,0.0,0.0,0.0,0.0,0.0,0.0,0.0,0.0
812,Ease ban on political parties or politicians,0.0,0.0,0.0,0.0,0.0,0.0,0.0,0.0,0.0,1.0,0.0,0.0,0.0,0.0,0.0,0.0,0.0,0.0,0.0,0.0,0.0,0.0,0.0,0.0,0.0,0.0,0.0,0.0,0.0,0.0,0.0,0.0,0.0,0.0,0.0,0.0,0.0,0.0,0.0,0.0,0.0,0.0,0.0,0.0,0.0,0.0,0.0,0.0,0.0,0.0,0.0,0.0,0.0,0.0,0.0,0.0,0.0,0.0,0.0,0.0,0.0,0.0,0.0,0.0,0.0,0.0,0.0,0.0,0.0,0.0,0.0,0.0,0.0,0.0,0.0,0.0
813,Ease curfew,0.0,0.0,0.0,0.0,0.0,0.0,1.0,0.0,0.0,0.0,0.0,0.0,0.0,0.0,0.0,0.0,0.0,0.0,0.0,0.0,0.0,0.0,0.0,0.0,0.0,0.0,0.0,0.0,0.0,0.0,0.0,0.0,0.0,0.0,0.0,0.0,0.0,0.0,0.0,0.0,0.0,0.0,0.0,0.0,0.0,0.0,0.0,0.0,0.0,0.0,0.0,0.0,0.0,0.0,0.0,1.0,0.0,0.0,0.0,0.0,0.0,0.0,0.0,0.0,0.0,0.0,2.0,0.0,0.0,0.0,0.0,0.0,0.0,0.0,0.0,0.0
831,Accede to demands for change in leadership,0.0,0.0,0.0,4.0,0.0,0.0,10.0,3.0,3.0,1.0,37.0,23.0,1.0,1.0,2.0,1.0,7.0,0.0,5.0,2.0,2.0,1.0,5.0,5.0,1.0,1.0,4.0,3.0,0.0,1.0,3.0,0.0,0.0,0.0,0.0,0.0,1.0,0.0,0.0,0.0,1.0,1.0,0.0,0.0,0.0,1.0,1.0,1.0,3.0,13.0,0.0,0.0,0.0,0.0,0.0,3.0,5.0,8.0,3.0,2.0,2.0,9.0,0.0,6.0,11.0,2.0,1.0,2.0,3.0,0.0,0.0,0.0,2.0,0.0,1.0,0.0
833,Accede to demands for rights,0.0,0.0,0.0,0.0,0.0,0.0,1.0,1.0,0.0,0.0,0.0,0.0,0.0,0.0,0.0,0.0,1.0,1.0,0.0,1.0,0.0,0.0,0.0,0.0,1.0,0.0,0.0,0.0,1.0,1.0,0.0,0.0,1.0,0.0,0.0,0.0,0.0,0.0,0.0,0.0,0.0,0.0,0.0,0.0,0.0,0.0,0.0,1.0,3.0,1.0,0.0,0.0,4.0,0.0,0.0,0.0,0.0,0.0,10.0,3.0,1.0,0.0,0.0,0.0,1.0,4.0,2.0,1.0,0.0,0.0,0.0,0.0,1.0,0.0,0.0,0.0
841,"Return, release person(s)",5.0,0.0,4.0,4.0,2.0,5.0,27.0,11.0,10.0,4.0,16.0,3.0,8.0,9.0,14.0,6.0,0.0,1.0,6.0,17.0,7.0,7.0,2.0,9.0,12.0,7.0,6.0,14.0,3.0,4.0,5.0,2.0,2.0,4.0,0.0,0.0,0.0,4.0,0.0,0.0,10.0,4.0,2.0,10.0,9.0,4.0,1.0,4.0,10.0,4.0,6.0,5.0,3.0,6.0,5.0,10.0,15.0,14.0,1.0,14.0,16.0,30.0,7.0,8.0,6.0,7.0,18.0,3.0,22.0,7.0,3.0,11.0,7.0,6.0,13.0,4.0
842,"Return, release property",0.0,0.0,0.0,0.0,0.0,0.0,0.0,0.0,0.0,0.0,0.0,0.0,6.0,3.0,0.0,0.0,0.0,1.0,1.0,0.0,0.0,0.0,0.0,0.0,0.0,0.0,0.0,0.0,0.0,0.0,0.0,0.0,0.0,0.0,0.0,0.0,0.0,0.0,0.0,0.0,0.0,1.0,0.0,1.0,0.0,3.0,0.0,0.0,0.0,0.0,0.0,0.0,0.0,0.0,0.0,0.0,0.0,0.0,0.0,0.0,0.0,0.0,0.0,0.0,0.0,1.0,0.0,1.0,0.0,0.0,5.0,0.0,0.0,0.0,1.0,0.0
861,Receive deployment of peacekeepers,1.0,0.0,0.0,0.0,0.0,0.0,0.0,0.0,0.0,0.0,0.0,0.0,0.0,0.0,0.0,0.0,0.0,3.0,4.0,0.0,0.0,0.0,0.0,0.0,0.0,2.0,2.0,0.0,0.0,0.0,0.0,0.0,4.0,0.0,0.0,0.0,0.0,0.0,0.0,0.0,0.0,0.0,0.0,0.0,0.0,0.0,0.0,0.0,0.0,0.0,0.0,0.0,0.0,0.0,0.0,1.0,1.0,2.0,2.0,0.0,0.0,0.0,0.0,0.0,0.0,0.0,0.0,0.0,0.0,0.0,0.0,3.0,0.0,0.0,10.0,0.0
862,Receive inspectors,0.0,0.0,0.0,0.0,0.0,0.0,0.0,0.0,0.0,0.0,0.0,0.0,0.0,0.0,0.0,0.0,0.0,0.0,0.0,0.0,0.0,1.0,1.0,0.0,0.0,0.0,0.0,0.0,0.0,0.0,0.0,0.0,0.0,0.0,0.0,0.0,0.0,0.0,0.0,0.0,0.0,0.0,0.0,0.0,0.0,1.0,0.0,0.0,0.0,0.0,0.0,0.0,0.0,0.0,0.0,0.0,0.0,0.0,0.0,0.0,0.0,4.0,0.0,0.0,0.0,0.0,0.0,0.0,0.0,0.0,0.0,0.0,0.0,0.0,0.0,0.0
863,Allow delivery of humanitarian aid,0.0,0.0,0.0,0.0,0.0,0.0,0.0,0.0,0.0,0.0,0.0,0.0,0.0,0.0,0.0,0.0,0.0,0.0,0.0,0.0,0.0,0.0,0.0,0.0,0.0,0.0,0.0,0.0,0.0,0.0,0.0,0.0,0.0,0.0,0.0,0.0,0.0,0.0,0.0,0.0,0.0,0.0,0.0,0.0,0.0,0.0,0.0,0.0,0.0,0.0,0.0,0.0,0.0,0.0,0.0,0.0,0.0,3.0,0.0,0.0,0.0,0.0,0.0,0.0,0.0,0.0,0.0,0.0,0.0,0.0,0.0,0.0,0.0,0.0,0.0,0.0
871,"Declare truce, ceasefire",0.0,0.0,0.0,0.0,0.0,4.0,0.0,0.0,2.0,0.0,0.0,0.0,0.0,0.0,0.0,0.0,0.0,0.0,1.0,0.0,0.0,0.0,0.0,0.0,0.0,0.0,0.0,3.0,0.0,0.0,0.0,0.0,0.0,0.0,0.0,0.0,0.0,0.0,0.0,0.0,0.0,0.0,0.0,0.0,0.0,0.0,0.0,0.0,0.0,0.0,0.0,0.0,0.0,0.0,0.0,0.0,0.0,0.0,0.0,0.0,1.0,0.0,0.0,0.0,0.0,0.0,0.0,6.0,2.0,0.0,1.0,0.0,4.0,0.0,0.0,0.0
873,Demobilize armed forces,0.0,0.0,0.0,0.0,0.0,0.0,0.0,1.0,0.0,0.0,0.0,0.0,0.0,0.0,0.0,0.0,0.0,0.0,0.0,0.0,0.0,0.0,0.0,0.0,0.0,0.0,0.0,0.0,0.0,0.0,0.0,0.0,0.0,0.0,0.0,0.0,0.0,0.0,0.0,0.0,0.0,0.0,0.0,0.0,0.0,0.0,0.0,0.0,0.0,0.0,0.0,0.0,0.0,0.0,0.0,0.0,0.0,0.0,0.0,0.0,0.0,0.0,0.0,0.0,0.0,0.0,0.0,0.0,0.0,0.0,0.0,0.0,0.0,0.0,0.0,0.0
874,Retreat or surrender militarily,0.0,0.0,0.0,0.0,1.0,0.0,2.0,1.0,1.0,2.0,1.0,1.0,1.0,2.0,0.0,0.0,0.0,2.0,1.0,1.0,0.0,2.0,0.0,1.0,0.0,2.0,5.0,6.0,0.0,0.0,0.0,1.0,0.0,0.0,0.0,0.0,0.0,0.0,0.0,0.0,0.0,0.0,9.0,1.0,1.0,2.0,0.0,1.0,0.0,3.0,0.0,6.0,1.0,20.0,15.0,27.0,10.0,9.0,8.0,7.0,0.0,2.0,5.0,1.0,0.0,2.0,2.0,4.0,0.0,6.0,0.0,5.0,1.0,1.0,6.0,0.0
1014,Demand intelligence cooperation,0.0,0.0,0.0,0.0,0.0,0.0,0.0,0.0,0.0,0.0,0.0,0.0,0.0,0.0,0.0,0.0,0.0,0.0,1.0,2.0,0.0,0.0,1.0,0.0,0.0,0.0,0.0,0.0,1.0,0.0,0.0,0.0,0.0,0.0,0.0,0.0,0.0,0.0,0.0,0.0,0.0,0.0,0.0,0.0,0.0,0.0,0.0,0.0,0.0,0.0,0.0,0.0,3.0,0.0,0.0,0.0,0.0,0.0,1.0,0.0,0.0,0.0,0.0,0.0,0.0,3.0,0.0,2.0,0.0,0.0,0.0,1.0,0.0,0.0,0.0,0.0
1041,Demand change in leadership,0.0,0.0,0.0,0.0,0.0,0.0,0.0,1.0,0.0,0.0,0.0,0.0,0.0,0.0,0.0,0.0,0.0,0.0,2.0,0.0,0.0,0.0,0.0,0.0,0.0,0.0,0.0,0.0,0.0,0.0,0.0,0.0,0.0,0.0,0.0,0.0,0.0,0.0,0.0,0.0,0.0,0.0,0.0,0.0,0.0,0.0,0.0,0.0,0.0,0.0,0.0,0.0,0.0,0.0,0.0,0.0,0.0,0.0,0.0,0.0,0.0,0.0,2.0,1.0,0.0,0.0,0.0,0.0,0.0,0.0,0.0,0.0,0.0,0.0,0.0,0.0
1043,Demand rights,0.0,0.0,0.0,0.0,0.0,0.0,2.0,0.0,0.0,0.0,0.0,0.0,0.0,0.0,0.0,0.0,0.0,0.0,0.0,3.0,0.0,0.0,0.0,0.0,0.0,0.0,0.0,0.0,3.0,1.0,0.0,0.0,0.0,0.0,0.0,0.0,0.0,0.0,0.0,0.0,0.0,0.0,0.0,15.0,0.0,0.0,0.0,0.0,0.0,0.0,0.0,0.0,0.0,0.0,0.0,0.0,0.0,0.0,0.0,0.0,0.0,0.0,0.0,0.0,0.0,0.0,1.0,2.0,1.0,0.0,0.0,0.0,1.0,2.0,0.0,0.0
1044,"Demand change in institutions, regime",0.0,0.0,0.0,0.0,0.0,0.0,0.0,0.0,0.0,0.0,0.0,0.0,0.0,0.0,4.0,0.0,0.0,0.0,0.0,0.0,0.0,0.0,0.0,0.0,0.0,0.0,0.0,0.0,0.0,0.0,0.0,0.0,0.0,0.0,0.0,0.0,0.0,0.0,0.0,0.0,0.0,0.0,0.0,0.0,0.0,0.0,0.0,0.0,0.0,0.0,0.0,0.0,4.0,0.0,0.0,0.0,0.0,0.0,0.0,0.0,0.0,0.0,0.0,0.0,0.0,0.0,0.0,0.0,0.0,3.0,0.0,0.0,2.0,0.0,0.0,0.0
1053,Demand release of persons or property,0.0,0.0,0.0,0.0,0.0,0.0,0.0,0.0,0.0,1.0,0.0,0.0,0.0,0.0,0.0,0.0,0.0,0.0,0.0,0.0,0.0,0.0,0.0,0.0,0.0,0.0,1.0,0.0,0.0,0.0,0.0,0.0,0.0,0.0,0.0,0.0,0.0,0.0,0.0,0.0,0.0,0.0,0.0,0.0,0.0,0.0,0.0,0.0,0.0,0.0,0.0,0.0,0.0,0.0,0.0,0.0,2.0,0.0,0.0,0.0,0.0,0.0,0.0,0.0,0.0,0.0,2.0,1.0,0.0,0.0,0.0,0.0,0.0,0.0,0.0,0.0
1121,"Accuse of crime, corruption",0.0,0.0,0.0,0.0,0.0,0.0,0.0,0.0,0.0,0.0,0.0,0.0,0.0,0.0,0.0,0.0,0.0,0.0,0.0,0.0,0.0,2.0,0.0,0.0,0.0,0.0,0.0,0.0,0.0,0.0,0.0,0.0,0.0,0.0,0.0,0.0,0.0,0.0,0.0,0.0,0.0,1.0,0.0,1.0,0.0,0.0,0.0,0.0,0.0,0.0,0.0,0.0,0.0,0.0,0.0,0.0,0.0,0.0,0.0,0.0,0.0,0.0,0.0,0.0,0.0,7.0,0.0,0.0,5.0,0.0,0.0,0.0,0.0,0.0,1.0,0.0
1122,Accuse of human rights abuses,0.0,0.0,0.0,0.0,0.0,0.0,0.0,0.0,0.0,0.0,0.0,0.0,0.0,0.0,0.0,0.0,0.0,0.0,0.0,0.0,0.0,0.0,0.0,0.0,0.0,0.0,0.0,0.0,0.0,0.0,3.0,0.0,0.0,0.0,0.0,0.0,0.0,0.0,0.0,0.0,0.0,0.0,0.0,0.0,0.0,0.0,0.0,0.0,0.0,0.0,0.0,0.0,0.0,0.0,0.0,0.0,0.0,0.0,0.0,0.0,0.0,0.0,0.0,0.0,0.0,0.0,0.0,0.0,0.0,0.0,0.0,0.0,0.0,0.0,0.0,0.0
1123,Accuse of aggression,0.0,0.0,2.0,0.0,0.0,0.0,0.0,0.0,0.0,2.0,0.0,0.0,0.0,0.0,0.0,0.0,2.0,0.0,0.0,0.0,1.0,0.0,0.0,5.0,6.0,0.0,0.0,0.0,0.0,2.0,2.0,0.0,0.0,0.0,0.0,0.0,0.0,0.0,0.0,0.0,0.0,0.0,0.0,0.0,0.0,0.0,0.0,0.0,0.0,0.0,0.0,0.0,0.0,0.0,0.0,7.0,7.0,11.0,0.0,0.0,0.0,0.0,0.0,0.0,0.0,5.0,0.0,0.0,0.0,1.0,1.0,0.0,0.0,0.0,0.0,0.0
1124,Accuse of war crimes,0.0,0.0,0.0,0.0,0.0,0.0,0.0,0.0,0.0,0.0,0.0,0.0,0.0,1.0,0.0,0.0,0.0,0.0,0.0,0.0,0.0,0.0,0.0,0.0,0.0,1.0,2.0,4.0,0.0,0.0,0.0,0.0,0.0,0.0,0.0,0.0,0.0,0.0,0.0,0.0,0.0,0.0,0.0,0.0,0.0,0.0,0.0,0.0,0.0,0.0,0.0,1.0,0.0,0.0,2.0,0.0,0.0,0.0,0.0,0.0,0.0,0.0,2.0,1.0,0.0,0.0,3.0,0.0,0.0,0.0,0.0,0.0,2.0,0.0,1.0,0.0
1231,Reject request for change in leadership,0.0,0.0,0.0,0.0,0.0,0.0,0.0,0.0,0.0,0.0,0.0,0.0,0.0,0.0,0.0,0.0,0.0,0.0,0.0,0.0,0.0,0.0,0.0,0.0,0.0,0.0,1.0,0.0,0.0,0.0,0.0,0.0,0.0,0.0,0.0,0.0,0.0,0.0,0.0,0.0,0.0,0.0,0.0,0.0,0.0,0.0,0.0,0.0,0.0,0.0,0.0,0.0,0.0,0.0,0.0,0.0,0.0,0.0,0.0,0.0,0.0,0.0,0.0,0.0,0.0,0.0,0.0,0.0,0.0,0.0,0.0,0.0,0.0,0.0,0.0,0.0
1233,Reject request for rights,0.0,0.0,0.0,0.0,0.0,0.0,2.0,0.0,0.0,0.0,0.0,0.0,0.0,0.0,0.0,0.0,0.0,0.0,0.0,0.0,0.0,0.0,0.0,0.0,0.0,0.0,0.0,0.0,0.0,0.0,0.0,0.0,0.0,0.0,0.0,0.0,0.0,0.0,0.0,0.0,0.0,0.0,0.0,0.0,0.0,0.0,0.0,0.0,0.0,0.0,0.0,0.0,0.0,0.0,0.0,0.0,0.0,0.0,0.0,0.0,1.0,0.0,0.0,0.0,0.0,0.0,1.0,0.0,0.0,0.0,0.0,0.0,0.0,1.0,4.0,3.0
1241,Refuse to ease administrative sanctions,0.0,0.0,0.0,0.0,0.0,0.0,0.0,0.0,0.0,0.0,0.0,0.0,4.0,0.0,0.0,0.0,0.0,0.0,0.0,0.0,0.0,0.0,0.0,0.0,0.0,0.0,0.0,0.0,0.0,0.0,0.0,0.0,0.0,0.0,0.0,0.0,0.0,0.0,0.0,0.0,0.0,0.0,0.0,0.0,0.0,0.0,0.0,0.0,0.0,0.0,0.0,0.0,0.0,2.0,0.0,0.0,0.0,0.0,0.0,0.0,0.0,0.0,0.0,0.0,0.0,0.0,0.0,2.0,0.0,0.0,0.0,0.0,0.0,0.0,0.0,0.0
1243,Refuse to release persons or property,0.0,0.0,0.0,0.0,0.0,0.0,0.0,0.0,0.0,0.0,0.0,0.0,0.0,0.0,0.0,0.0,0.0,1.0,0.0,0.0,1.0,0.0,0.0,0.0,0.0,0.0,0.0,0.0,0.0,0.0,0.0,0.0,0.0,0.0,0.0,0.0,0.0,0.0,0.0,0.0,0.0,0.0,0.0,0.0,3.0,0.0,0.0,0.0,0.0,1.0,0.0,0.0,0.0,0.0,0.0,0.0,0.0,0.0,0.0,0.0,0.0,0.0,1.0,0.0,0.0,1.0,0.0,3.0,0.0,0.0,0.0,0.0,0.0,0.0,0.0,0.0
1246,Refuse to de-escalate military engagement,0.0,0.0,0.0,0.0,0.0,0.0,0.0,0.0,0.0,0.0,0.0,0.0,0.0,0.0,0.0,0.0,0.0,0.0,0.0,0.0,0.0,0.0,0.0,0.0,0.0,0.0,0.0,0.0,0.0,0.0,0.0,0.0,0.0,0.0,0.0,0.0,0.0,0.0,0.0,0.0,0.0,0.0,0.0,1.0,4.0,0.0,0.0,0.0,0.0,0.0,0.0,0.0,0.0,0.0,0.0,0.0,0.0,0.0,0.0,0.0,0.0,0.0,0.0,0.0,0.0,0.0,0.0,0.0,0.0,0.0,0.0,0.0,0.0,0.0,0.0,0.0
1311,Threaten to reduce or stop aid,0.0,0.0,0.0,0.0,0.0,0.0,0.0,0.0,0.0,0.0,0.0,0.0,0.0,0.0,0.0,0.0,0.0,0.0,0.0,0.0,0.0,0.0,0.0,0.0,0.0,0.0,0.0,0.0,0.0,0.0,0.0,0.0,0.0,0.0,0.0,0.0,0.0,0.0,0.0,0.0,0.0,0.0,0.0,0.0,0.0,0.0,0.0,0.0,0.0,0.0,0.0,0.0,0.0,0.0,0.0,0.0,0.0,0.0,0.0,0.0,0.0,0.0,1.0,0.0,0.0,0.0,0.0,0.0,0.0,0.0,0.0,0.0,0.0,0.0,0.0,0.0
1312,"Threaten to boycott, embargo, or sanction",0.0,0.0,0.0,0.0,0.0,0.0,0.0,0.0,0.0,0.0,0.0,0.0,1.0,0.0,0.0,0.0,0.0,0.0,0.0,0.0,1.0,0.0,0.0,0.0,0.0,0.0,0.0,0.0,0.0,0.0,0.0,0.0,0.0,1.0,0.0,0.0,0.0,0.0,0.0,0.0,0.0,0.0,0.0,0.0,0.0,0.0,0.0,0.0,0.0,0.0,0.0,0.0,0.0,0.0,0.0,0.0,0.0,0.0,0.0,0.0,0.0,0.0,0.0,0.0,0.0,0.0,0.0,0.0,0.0,1.0,0.0,0.0,0.0,0.0,0.0,0.0
1384,Threaten conventional attack  ,0.0,0.0,0.0,0.0,0.0,0.0,0.0,0.0,0.0,0.0,0.0,0.0,0.0,5.0,0.0,6.0,0.0,0.0,0.0,0.0,0.0,1.0,0.0,0.0,0.0,0.0,0.0,0.0,0.0,0.0,0.0,0.0,0.0,0.0,0.0,0.0,0.0,0.0,0.0,0.0,0.0,0.0,0.0,0.0,0.0,0.0,0.0,0.0,0.0,0.0,0.0,0.0,0.0,0.0,0.0,0.0,0.0,0.0,0.0,0.0,0.0,4.0,0.0,0.0,0.0,1.0,0.0,0.0,0.0,0.0,0.0,0.0,0.0,0.0,0.0,0.0
1411,Demonstrate for leadership change,0.0,0.0,0.0,0.0,0.0,0.0,0.0,0.0,0.0,0.0,0.0,0.0,0.0,0.0,0.0,0.0,0.0,0.0,0.0,0.0,0.0,0.0,0.0,0.0,0.0,0.0,0.0,0.0,0.0,0.0,0.0,0.0,0.0,0.0,0.0,0.0,0.0,0.0,0.0,0.0,0.0,0.0,0.0,0.0,0.0,0.0,0.0,0.0,0.0,0.0,0.0,0.0,0.0,0.0,0.0,0.0,0.0,0.0,0.0,0.0,0.0,0.0,0.0,0.0,0.0,0.0,0.0,0.0,3.0,0.0,0.0,0.0,0.0,0.0,0.0,0.0
1412,Demonstrate for policy change,0.0,0.0,0.0,0.0,0.0,0.0,0.0,0.0,0.0,0.0,0.0,0.0,0.0,0.0,0.0,0.0,0.0,2.0,0.0,2.0,0.0,0.0,0.0,0.0,0.0,0.0,0.0,0.0,0.0,0.0,0.0,0.0,0.0,0.0,0.0,0.0,0.0,0.0,0.0,0.0,0.0,0.0,0.0,0.0,0.0,0.0,0.0,0.0,0.0,0.0,0.0,0.0,0.0,0.0,0.0,0.0,0.0,0.0,0.0,0.0,0.0,0.0,0.0,0.0,0.0,0.0,0.0,0.0,0.0,0.0,0.0,0.0,0.0,0.0,0.0,0.0
1711,Confiscate property,0.0,0.0,0.0,0.0,0.0,0.0,0.0,0.0,0.0,0.0,0.0,0.0,0.0,0.0,0.0,1.0,0.0,0.0,0.0,0.0,0.0,0.0,0.0,0.0,0.0,2.0,0.0,0.0,0.0,0.0,0.0,0.0,0.0,0.0,0.0,0.0,0.0,0.0,0.0,0.0,0.0,0.0,0.0,0.0,0.0,0.0,0.0,0.0,0.0,0.0,0.0,0.0,0.0,0.0,0.0,0.0,0.0,0.0,0.0,0.0,0.0,0.0,0.0,0.0,0.0,0.0,2.0,1.0,0.0,0.0,0.0,0.0,0.0,0.0,1.0,2.0
1712,Destroy property,3.0,2.0,0.0,0.0,0.0,0.0,0.0,0.0,2.0,2.0,4.0,1.0,4.0,0.0,2.0,2.0,1.0,3.0,1.0,6.0,0.0,1.0,2.0,0.0,4.0,3.0,2.0,5.0,2.0,0.0,2.0,1.0,0.0,3.0,0.0,0.0,0.0,0.0,0.0,0.0,0.0,2.0,2.0,1.0,0.0,1.0,0.0,1.0,0.0,0.0,0.0,1.0,1.0,44.0,8.0,0.0,1.0,0.0,0.0,7.0,1.0,3.0,0.0,0.0,3.0,3.0,4.0,4.0,4.0,1.0,5.0,4.0,9.0,10.0,6.0,3.0
1721,Impose restrictions on political freedoms  ,0.0,0.0,0.0,0.0,0.0,0.0,0.0,0.0,0.0,0.0,0.0,0.0,0.0,0.0,0.0,0.0,0.0,2.0,3.0,0.0,0.0,0.0,0.0,0.0,6.0,0.0,0.0,0.0,2.0,0.0,0.0,0.0,0.0,0.0,0.0,0.0,0.0,0.0,0.0,0.0,1.0,0.0,1.0,1.0,0.0,0.0,0.0,0.0,1.0,1.0,0.0,0.0,0.0,2.0,1.0,0.0,1.0,0.0,0.0,1.0,0.0,1.0,0.0,5.0,0.0,2.0,3.0,0.0,0.0,0.0,0.0,0.0,2.0,0.0,0.0,0.0
1722,Ban political parties or politicians,0.0,0.0,0.0,0.0,0.0,0.0,0.0,0.0,0.0,0.0,0.0,0.0,0.0,0.0,0.0,0.0,0.0,0.0,1.0,0.0,0.0,0.0,0.0,0.0,0.0,0.0,0.0,0.0,0.0,0.0,0.0,0.0,0.0,0.0,0.0,0.0,0.0,0.0,0.0,0.0,0.0,0.0,0.0,0.0,0.0,0.0,0.0,0.0,0.0,0.0,0.0,0.0,0.0,0.0,0.0,1.0,0.0,0.0,0.0,0.0,0.0,0.0,0.0,0.0,0.0,0.0,0.0,0.0,0.0,0.0,0.0,0.0,0.0,0.0,0.0,0.0
1723,Impose curfew,0.0,0.0,0.0,0.0,0.0,0.0,6.0,0.0,0.0,0.0,0.0,0.0,0.0,0.0,0.0,0.0,0.0,0.0,3.0,0.0,2.0,0.0,0.0,0.0,0.0,0.0,0.0,0.0,0.0,0.0,0.0,0.0,0.0,0.0,0.0,0.0,0.0,0.0,0.0,0.0,0.0,2.0,0.0,0.0,0.0,0.0,0.0,0.0,0.0,0.0,0.0,0.0,0.0,0.0,0.0,9.0,4.0,0.0,0.0,0.0,0.0,2.0,0.0,0.0,7.0,26.0,0.0,0.0,1.0,0.0,0.0,0.0,0.0,0.0,1.0,0.0
1724,Impose state of emergency or martial law,0.0,0.0,0.0,0.0,0.0,0.0,0.0,0.0,0.0,0.0,0.0,0.0,0.0,0.0,0.0,0.0,0.0,0.0,0.0,0.0,0.0,0.0,0.0,0.0,0.0,0.0,0.0,0.0,0.0,0.0,0.0,0.0,0.0,0.0,0.0,0.0,0.0,0.0,0.0,0.0,3.0,0.0,0.0,0.0,0.0,0.0,0.0,0.0,0.0,0.0,0.0,0.0,0.0,10.0,28.0,0.0,0.0,0.0,2.0,0.0,2.0,0.0,0.0,0.0,0.0,0.0,0.0,0.0,0.0,0.0,0.0,0.0,0.0,0.0,0.0,0.0
1821,Sexually assault,0.0,0.0,0.0,0.0,0.0,5.0,16.0,1.0,2.0,4.0,2.0,5.0,1.0,3.0,1.0,3.0,0.0,2.0,2.0,1.0,6.0,6.0,1.0,1.0,2.0,1.0,24.0,6.0,2.0,0.0,0.0,3.0,0.0,3.0,0.0,0.0,4.0,0.0,0.0,1.0,7.0,0.0,7.0,39.0,4.0,5.0,0.0,1.0,2.0,3.0,2.0,4.0,5.0,2.0,0.0,0.0,8.0,0.0,0.0,0.0,6.0,15.0,10.0,2.0,5.0,14.0,19.0,28.0,3.0,6.0,2.0,3.0,4.0,0.0,4.0,0.0
1822,Torture,0.0,0.0,0.0,0.0,2.0,0.0,0.0,0.0,0.0,0.0,0.0,0.0,0.0,0.0,0.0,0.0,0.0,0.0,4.0,1.0,0.0,0.0,0.0,0.0,1.0,0.0,7.0,1.0,0.0,0.0,0.0,1.0,0.0,0.0,0.0,2.0,0.0,0.0,0.0,1.0,0.0,0.0,0.0,0.0,1.0,0.0,2.0,2.0,0.0,0.0,2.0,0.0,0.0,0.0,0.0,0.0,0.0,0.0,1.0,0.0,2.0,0.0,0.0,0.0,3.0,5.0,1.0,0.0,0.0,0.0,0.0,0.0,0.0,0.0,3.0,0.0
1823,Kill by physical assault,0.0,0.0,0.0,0.0,0.0,0.0,0.0,0.0,0.0,0.0,0.0,0.0,0.0,0.0,0.0,2.0,3.0,0.0,0.0,0.0,0.0,0.0,0.0,0.0,0.0,0.0,2.0,0.0,0.0,0.0,0.0,0.0,0.0,0.0,0.0,0.0,0.0,0.0,0.0,0.0,0.0,0.0,0.0,0.0,0.0,0.0,0.0,0.0,0.0,0.0,0.0,0.0,0.0,1.0,0.0,0.0,0.0,0.0,0.0,0.0,0.0,0.0,0.0,0.0,0.0,0.0,0.0,2.0,0.0,0.0,1.0,0.0,0.0,0.0,0.0,0.0
1832,Carry out car bombing,0.0,0.0,0.0,0.0,0.0,0.0,0.0,0.0,0.0,0.0,0.0,0.0,3.0,0.0,0.0,0.0,0.0,0.0,0.0,0.0,0.0,0.0,0.0,0.0,0.0,0.0,0.0,0.0,0.0,0.0,0.0,0.0,0.0,0.0,0.0,0.0,0.0,0.0,0.0,0.0,0.0,0.0,0.0,0.0,0.0,0.0,0.0,0.0,0.0,0.0,0.0,0.0,0.0,0.0,0.0,0.0,0.0,0.0,0.0,0.0,0.0,0.0,0.0,0.0,0.0,0.0,0.0,0.0,0.0,0.0,0.0,0.0,0.0,0.0,0.0,0.0
