MonthYear,EventCode,N_events
201002,139,1
201002,0253,1
201002,192,3
201002,173,32
201002,051,69
201002,180,4
201002,120,12
201002,072,3
201002,015,1
201002,033,3
201002,014,7
201002,017,1
201002,071,4
201002,112,17
201002,074,1
201002,0332,1
201002,054,1
201002,113,2
201002,080,3
201002,010,68
201002,012,11
201002,022,3
201002,1712,3
201002,0841,5
201002,075,2
201002,036,24
201002,030,15
201002,190,17
201002,087,2
201002,020,65
201002,130,1
201002,195,2
201002,062,1
201002,013,17
201002,125,3
201002,100,12
201002,110,14
201002,0231,1
201002,174,1
201002,016,11
201002,111,10
201002,128,2
201002,090,10
201002,141,4
201002,114,3
201002,084,6
201002,057,6
201002,046,32
201002,043,82
201002,060,6
201002,154,2
201002,193,3
201002,028,1
201002,070,10
201002,050,9
201002,040,41
201002,031,2
201002,0353,1
201002,133,1
201002,0861,1
201002,026,3
201002,042,56
201003,043,21
201003,051,5
201003,033,1
201003,130,3
201003,173,21
201003,075,1
201003,120,3
201003,071,11
201003,111,3
201003,036,1
201003,070,1
201003,042,6
201003,141,1
201003,112,4
201003,110,5
201003,031,2
201003,0311,1
201003,035,1
201003,057,3
201003,040,3
201003,172,1
201003,013,4
201003,016,1
201003,020,9
201003,050,2
201003,012,9
201003,010,16
201003,1712,2
201003,060,2
201003,190,7
201003,074,3
201003,090,6
201004,036,24
201004,190,7
201004,012,4
201004,014,4
201004,046,7
201004,070,10
201004,050,3
201004,180,1
201004,100,1
201004,043,30
201004,013,9
201004,114,4
201004,172,3
201004,016,3
201004,130,1
201004,110,4
201004,057,1
201004,061,2
201004,120,9
201004,072,2
201004,040,14
201004,1123,2
201004,0841,4
201004,090,8
201004,042,42
201004,111,4
201004,060,2
201004,173,8
201004,022,2
201004,044,1
201004,020,13
201004,071,22
201004,112,20
201004,051,28
201004,018,4
201004,161,1
201004,081,1
201004,062,6
201004,017,11
201004,010,37
201004,080,1
201005,070,3
201005,042,16
201005,180,8
201005,062,1
201005,061,1
201005,043,36
201005,120,6
201005,040,11
201005,033,1
201005,054,1
201005,173,6
201005,011,1
201005,071,8
201005,014,1
201005,161,11
201005,0831,4
201005,060,1
201005,110,2
201005,046,16
201005,017,3
201005,013,15
201005,0231,4
201005,112,6
201005,111,1
201005,090,15
201005,190,3
201005,010,22
201005,020,10
201005,036,3
201005,057,7
201005,138,3
201005,051,12
201005,141,1
201005,012,10
201005,030,3
201005,0841,4
201006,1822,2
201006,173,3
201006,0874,1
201006,060,6
201006,057,1
201006,084,2
201006,022,1
201006,036,3
201006,192,1
201006,023,2
201006,010,21
201006,040,6
201006,080,3
201006,012,7
201006,0231,2
201006,041,3
201006,073,2
201006,017,2
201006,0841,2
201006,020,13
201006,030,2
201006,043,32
201006,062,1
201006,013,3
201006,130,3
201006,161,2
201006,042,21
201006,046,9
201006,190,4
201006,070,5
201006,110,1
201006,090,6
201006,120,6
201006,128,1
201006,111,3
201006,193,1
201006,125,2
201006,100,2
201006,054,2
201006,051,10
201007,010,64
201007,145,1
201007,090,1
201007,080,1
201007,1821,5
201007,0871,4
201007,014,4
201007,052,1
201007,083,2
201007,046,8
201007,045,1
201007,033,1
201007,192,1
201007,193,2
201007,186,1
201007,112,11
201007,130,2
201007,030,5
201007,173,10
201007,172,1
201007,040,23
201007,012,6
201007,020,50
201007,013,14
201007,032,1
201007,100,4
201007,070,10
201007,120,14
201007,015,1
201007,111,12
201007,011,2
201007,0841,5
201007,071,9
201007,084,5
201007,043,45
201007,017,4
201007,073,1
201007,051,27
201007,060,7
201007,110,3
201007,190,8
201007,180,1
201007,191,3
201007,016,1
201007,057,2
201007,042,50
201007,036,15
201007,125,2
201008,010,236
201008,056,3
201008,111,16
201008,072,6
201008,138,1
201008,018,12
201008,060,25
201008,031,3
201008,012,29
201008,080,27
201008,190,99
201008,020,94
201008,153,4
201008,1821,16
201008,051,144
201008,0813,1
201008,0332,2
201008,045,3
201008,0833,1
201008,128,12
201008,011,1
201008,050,9
201008,173,61
201008,180,14
201008,064,1
201008,030,25
201008,055,2
201008,1233,2
201008,114,12
201008,044,1
201008,074,1
201008,100,14
201008,071,46
201008,120,46
201008,139,1
201008,145,1
201008,130,20
201008,057,44
201008,0841,27
201008,0331,3
201008,061,2
201008,022,7
201008,181,1
201008,193,1
201008,1043,2
201008,0233,1
201008,106,9
201008,084,13
201008,023,3
201008,192,2
201008,0831,10
201008,033,3
201008,122,6
201008,042,145
201008,112,95
201008,125,1
201008,041,3
201008,046,57
201008,182,1
201008,091,2
201008,0231,1
201008,174,2
201008,090,27
201008,016,6
201008,070,29
201008,032,1
201008,014,15
201008,0234,2
201008,110,52
201008,054,1
201008,160,3
201008,040,76
201008,073,3
201008,1723,6
201008,062,2
201008,053,4
201008,094,9
201008,036,72
201008,026,7
201008,163,2
201008,0874,2
201008,043,145
201008,015,14
201008,017,9
201008,013,84
201008,172,3
201008,171,1
201008,141,3
201008,025,5
201009,0874,1
201009,043,136
201009,011,1
201009,061,4
201009,036,28
201009,090,11
201009,0241,1
201009,057,8
201009,163,22
201009,071,19
201009,1821,1
201009,193,3
201009,180,6
201009,060,8
201009,045,2
201009,020,62
201009,0873,1
201009,166,1
201009,120,17
201009,161,1
201009,154,2
201009,070,28
201009,062,1
201009,141,6
201009,018,2
201009,014,3
201009,033,1
201009,022,4
201009,013,53
201009,1041,1
201009,173,26
201009,017,10
201009,042,105
201009,111,11
201009,171,1
201009,172,7
201009,085,8
201009,072,5
201009,190,14
201009,112,16
201009,040,51
201009,128,4
201009,028,2
201009,012,16
201009,050,9
201009,031,3
201009,025,1
201009,055,4
201009,080,6
201009,114,1
201009,010,147
201009,0353,3
201009,160,1
201009,0831,3
201009,051,129
201009,110,13
201009,145,2
201009,0356,1
201009,192,1
201009,032,1
201009,026,6
201009,084,3
201009,046,14
201009,016,2
201009,056,4
201009,0841,11
201009,054,4
201009,0833,1
201009,130,14
201009,030,26
201009,0256,2
201009,125,3
201009,082,2
201009,100,11
201010,090,12
201010,0831,3
201010,056,1
201010,053,3
201010,114,14
201010,162,1
201010,040,50
201010,026,4
201010,112,5
201010,150,6
201010,014,4
201010,085,3
201010,043,66
201010,010,102
201010,115,2
201010,044,5
201010,012,14
201010,045,2
201010,1712,2
201010,020,49
201010,046,25
201010,0874,1
201010,120,9
201010,1821,2
201010,042,72
201010,054,4
201010,084,2
201010,080,7
201010,193,2
201010,030,13
201010,073,2
201010,061,4
201010,163,1
201010,145,4
201010,032,1
201010,0871,2
201010,0311,2
201010,141,2
201010,0214,4
201010,110,15
201010,070,26
201010,0211,2
201010,111,13
201010,050,10
201010,100,6
201010,036,15
201010,013,31
201010,130,4
201010,0841,10
201010,074,2
201010,125,3
201010,190,7
201010,033,4
201010,015,4
201010,173,18
201010,071,19
201010,072,1
201010,055,1
201010,051,71
201010,160,2
201010,128,1
201010,017,9
201010,057,18
201010,031,5
201010,060,5
201011,0874,2
201011,015,1
201011,0211,3
201011,071,13
201011,182,1
201011,0214,1
201011,0311,3
201011,043,132
201011,141,3
201011,114,9
201011,054,8
201011,040,73
201011,033,2
201011,036,44
201011,057,9
201011,027,1
201011,045,3
201011,180,5
201011,018,1
201011,193,3
201011,0841,4
201011,011,2
201011,030,16
201011,112,11
201011,080,11
201011,082,1
201011,090,18
201011,111,21
201011,120,13
201011,1821,4
201011,0231,3
201011,110,21
201011,070,25
201011,014,3
201011,1712,2
201011,010,111
201011,161,2
201011,202,2
201011,0831,1
201011,055,1
201011,042,162
201011,190,33
201011,013,43
201011,012,32
201011,039,1
201011,020,55
201011,171,1
201011,172,4
201011,173,21
201011,046,45
201011,0234,2
201011,050,18
201011,060,10
201011,051,180
201011,022,6
201011,1053,1
201011,026,2
201011,032,4
201011,081,2
201011,0812,1
201011,130,18
201011,143,1
201011,163,3
201011,073,1
201011,1123,2
201011,154,1
201011,061,6
201011,031,2
201011,100,6
201011,125,1
201011,0332,1
201011,017,3
201011,074,3
201012,191,1
201012,026,3
201012,0831,37
201012,090,8
201012,0231,5
201012,019,1
201012,164,1
201012,1712,4
201012,045,9
201012,015,1
201012,128,3
201012,046,89
201012,193,6
201012,016,1
201012,075,5
201012,0353,1
201012,071,33
201012,051,82
201012,125,1
201012,115,2
201012,139,2
201012,033,2
201012,122,2
201012,010,117
201012,044,21
201012,173,24
201012,130,14
201012,012,11
201012,192,19
201012,0874,1
201012,0333,2
201012,057,31
201012,120,20
201012,091,2
201012,043,114
201012,013,21
201012,172,4
201012,100,8
201012,175,7
201012,054,3
201012,060,25
201012,040,135
201012,020,58
201012,023,3
201012,110,23
201012,114,4
201012,014,8
201012,180,3
201012,1821,2
201012,072,5
201012,031,2
201012,036,42
201012,112,13
201012,111,21
201012,050,1
201012,0311,1
201012,0841,16
201012,084,4
201012,032,1
201012,030,35
201012,190,20
201012,070,31
201012,073,3
201012,141,7
201012,022,4
201012,0234,2
201012,160,1
201012,080,23
201012,052,1
201012,042,127
201012,017,6
201101,114,1
201101,016,8
201101,0231,2
201101,050,5
201101,012,8
201101,014,4
201101,1821,5
201101,0841,3
201101,072,1
201101,163,1
201101,0332,13
201101,033,3
201101,111,12
201101,106,1
201101,057,9
201101,1712,1
201101,160,3
201101,060,14
201101,030,23
201101,112,10
201101,141,1
201101,020,66
201101,090,12
201101,193,1
201101,061,6
201101,100,4
201101,011,1
201101,0831,23
201101,073,6
201101,0253,1
201101,145,1
201101,032,4
201101,0874,1
201101,010,137
201101,042,199
201101,035,4
201101,154,1
201101,071,7
201101,051,90
201101,017,15
201101,043,122
201101,019,1
201101,084,8
201101,130,10
201101,172,2
201101,110,17
201101,052,4
201101,180,6
201101,022,8
201101,173,22
201101,018,2
201101,190,12
201101,013,26
201101,120,10
201101,128,1
201101,040,155
201101,080,19
201101,036,70
201101,026,6
201101,192,17
201101,174,1
201101,031,6
201101,070,14
201101,046,72
201102,020,70
201102,130,12
201102,1821,1
201102,023,1
201102,071,38
201102,084,2
201102,090,6
201102,032,1
201102,022,5
201102,033,8
201102,036,51
201102,193,1
201102,133,2
201102,128,2
201102,017,15
201102,163,5
201102,080,11
201102,074,1
201102,025,4
201102,050,13
201102,057,9
201102,100,9
201102,151,2
201102,055,4
201102,014,10
201102,0874,1
201102,031,1
201102,1832,3
201102,041,3
201102,061,8
201102,111,12
201102,172,5
201102,143,5
201102,192,11
201102,186,1
201102,120,28
201102,174,2
201102,1241,4
201102,141,6
201102,190,17
201102,114,8
201102,070,32
201102,112,20
201102,016,3
201102,0841,8
201102,010,139
201102,173,24
201102,040,59
201102,122,1
201102,043,91
201102,195,6
201102,042,124
201102,0311,3
201102,0831,1
201102,180,4
201102,138,3
201102,125,1
201102,062,5
201102,030,23
201102,140,1
201102,145,3
201102,1312,1
201102,012,19
201102,013,64
201102,1712,4
201102,073,1
201102,060,12
201102,015,5
201102,072,5
201102,046,42
201102,164,2
201102,0253,3
201102,051,138
201102,0211,2
201102,160,6
201102,026,11
201102,0842,6
201102,110,24
201102,027,2
201103,045,5
201103,046,37
201103,018,4
201103,013,54
201103,051,120
201103,026,1
201103,012,17
201103,073,7
201103,028,1
201103,1821,3
201103,0842,3
201103,130,12
201103,090,8
201103,033,1
201103,036,47
201103,070,37
201103,081,3
201103,120,20
201103,193,2
201103,181,2
201103,0874,2
201103,044,6
201103,192,17
201103,084,5
201103,114,7
201103,138,2
201103,111,17
201103,060,8
201103,145,1
201103,040,91
201103,160,3
201103,1124,1
201103,110,14
201103,010,160
201103,043,71
201103,017,26
201103,125,2
201103,072,7
201103,016,8
201103,1384,5
201103,032,3
201103,0231,2
201103,052,3
201103,014,8
201103,071,15
201103,030,18
201103,031,10
201103,023,1
201103,020,90
201103,042,75
201103,0831,1
201103,041,2
201103,190,23
201103,015,3
201103,0841,9
201103,061,4
201103,172,3
201103,062,3
201103,080,9
201103,163,1
201103,011,1
201103,112,33
201103,141,15
201103,022,1
201103,173,42
201103,100,6
201103,195,2
201103,057,16
201103,180,5
201104,046,10
201104,072,4
201104,016,5
201104,1712,2
201104,174,2
201104,050,11
201104,193,3
201104,051,156
201104,190,14
201104,150,1
201104,180,5
201104,173,13
201104,014,3
201104,1044,4
201104,040,43
201104,125,2
201104,070,29
201104,043,102
201104,0841,14
201104,013,27
201104,011,1
201104,030,16
201104,164,1
201104,026,6
201104,042,74
201104,060,30
201104,044,5
201104,080,9
201104,045,3
201104,084,6
201104,036,58
201104,017,64
201104,160,3
201104,1821,1
201104,114,2
201104,022,4
201104,192,8
201104,015,5
201104,010,137
201104,056,1
201104,171,1
201104,034,3
201104,057,4
201104,012,21
201104,141,1
201104,110,24
201104,054,3
201104,161,2
201104,130,3
201104,100,1
201104,041,4
201104,025,1
201104,145,1
201104,073,4
201104,071,18
201104,111,15
201104,115,1
201104,0831,2
201104,181,1
201104,032,3
201104,090,12
201104,0353,4
201104,120,24
201104,112,11
201104,020,41
201104,061,4
201105,174,3
201105,153,1
201105,026,3
201105,110,15
201105,141,7
201105,112,26
201105,042,64
201105,034,3
201105,138,4
201105,163,2
201105,070,45
201105,060,12
201105,0831,1
201105,081,1
201105,137,1
201105,051,194
201105,180,2
201105,192,3
201105,190,14
201105,106,1
201105,030,17
201105,120,22
201105,1384,6
201105,090,8
201105,043,77
201105,186,1
201105,064,1
201105,031,8
201105,080,7
201105,050,10
201105,114,4
201105,160,1
201105,013,32
201105,041,2
201105,172,1
201105,1712,2
201105,011,3
201105,032,1
201105,1823,2
201105,057,39
201105,071,24
201105,020,47
201105,040,55
201105,074,1
201105,111,22
201105,182,1
201105,100,12
201105,173,37
201105,0331,1
201105,046,24
201105,036,24
201105,0841,6
201105,193,3
201105,054,2
201105,1711,1
201105,0241,1
201105,022,3
201105,033,3
201105,1821,3
201105,130,3
201105,016,1
201105,012,13
201105,010,122
201105,084,5
201105,072,3
201105,145,1
201105,014,14
201105,0311,2
201105,017,26
201106,025,2
201106,0831,7
201106,174,1
201106,046,42
201106,071,20
201106,052,2
201106,0833,1
201106,181,5
201106,186,2
201106,190,37
201106,120,11
201106,044,6
201106,0312,2
201106,1823,3
201106,026,11
201106,057,9
201106,051,90
201106,193,1
201106,130,21
201106,134,4
201106,010,158
201106,045,1
201106,042,101
201106,091,1
201106,100,2
201106,020,50
201106,012,21
201106,013,32
201106,030,29
201106,0253,1
201106,141,2
201106,110,32
201106,084,2
201106,023,1
201106,040,67
201106,080,7
201106,114,7
201106,128,2
201106,111,30
201106,175,8
201106,062,4
201106,180,7
201106,172,1
201106,015,1
201106,014,14
201106,1123,2
201106,033,2
201106,036,26
201106,1712,1
201106,060,11
201106,160,2
201106,011,3
201106,073,6
201106,161,5
201106,083,1
201106,125,3
201106,0331,1
201106,022,2
201106,173,35
201106,017,11
201106,138,1
201106,061,5
201106,070,25
201106,043,100
201106,072,2
201106,016,4
201106,090,13
201106,050,5
201106,112,14
201106,0255,1
201106,192,3
201107,1412,2
201107,1821,2
201107,017,15
201107,1721,2
201107,020,40
201107,186,5
201107,1243,1
201107,071,20
201107,026,2
201107,062,2
201107,012,34
201107,036,42
201107,160,3
201107,073,1
201107,112,12
201107,055,1
201107,046,30
201107,173,34
201107,0874,2
201107,0842,1
201107,042,79
201107,013,32
201107,163,2
201107,016,14
201107,175,4
201107,032,8
201107,090,11
201107,040,97
201107,111,12
201107,031,3
201107,120,9
201107,0861,3
201107,022,8
201107,043,117
201107,011,1
201107,060,14
201107,110,22
201107,193,2
201107,190,27
201107,050,17
201107,130,8
201107,070,12
201107,025,1
201107,141,8
201107,014,6
201107,0833,1
201107,114,3
201107,0241,2
201107,192,4
201107,035,1
201107,0353,2
201107,0841,1
201107,061,5
201107,057,10
201107,051,89
201107,180,8
201107,015,4
201107,1712,3
201107,010,110
201107,172,4
201107,030,29
201107,100,4
201107,081,1
201107,084,9
201107,0214,2
201107,080,3
201107,033,2
201108,083,2
201108,023,1
201108,090,11
201108,141,9
201108,0831,5
201108,120,31
201108,173,32
201108,072,2
201108,022,2
201108,056,1
201108,138,1
201108,043,107
201108,111,27
201108,070,22
201108,042,114
201108,1041,2
201108,055,3
201108,057,19
201108,020,77
201108,114,10
201108,1721,3
201108,113,1
201108,192,2
201108,050,8
201108,0256,2
201108,018,5
201108,071,16
201108,0253,3
201108,080,12
201108,175,2
201108,037,1
201108,015,8
201108,081,2
201108,0871,1
201108,0861,4
201108,0874,1
201108,073,11
201108,061,11
201108,185,2
201108,172,2
201108,0311,2
201108,142,1
201108,062,2
201108,186,2
201108,1822,4
201108,1821,2
201108,130,12
201108,030,23
201108,084,3
201108,153,1
201108,0214,2
201108,180,18
201108,0241,2
201108,025,3
201108,014,2
201108,190,24
201108,074,4
201108,032,2
201108,164,3
201108,145,5
201108,160,9
201108,013,35
201108,016,3
201108,112,16
201108,0331,3
201108,1712,1
201108,1722,1
201108,033,6
201108,193,9
201108,125,3
201108,1014,1
201108,171,1
201108,1723,3
201108,060,26
201108,026,5
201108,051,94
201108,194,1
201108,110,55
201108,040,68
201108,012,19
201108,100,8
201108,031,1
201108,034,2
201108,010,129
201108,036,25
201108,0842,1
201108,0841,6
201108,046,21
201108,017,21
201109,090,17
201109,057,7
201109,012,22
201109,173,22
201109,128,3
201109,046,50
201109,138,4
201109,051,128
201109,0241,2
201109,018,2
201109,0841,17
201109,011,1
201109,174,1
201109,060,26
201109,1043,3
201109,023,2
201109,022,2
201109,010,158
201109,084,6
201109,056,2
201109,027,3
201109,100,15
201109,101,3
201109,026,1
201109,020,62
201109,182,7
201109,0831,2
201109,180,5
201109,111,25
201109,130,15
201109,1712,6
201109,015,4
201109,017,3
201109,141,5
201109,074,1
201109,0253,1
201109,154,5
201109,073,4
201109,050,13
201109,080,11
201109,039,1
201109,112,18
201109,1821,1
201109,163,1
201109,045,4
201109,043,116
201109,0833,1
201109,070,27
201109,040,89
201109,061,7
201109,190,38
201109,028,1
201109,030,22
201109,0214,3
201109,120,18
201109,110,31
201109,072,5
201109,071,16
201109,044,3
201109,036,51
201109,081,1
201109,140,1
201109,055,1
201109,042,104
201109,0874,1
201109,186,2
201109,114,3
201109,160,3
201109,016,5
201109,153,1
201109,125,1
201109,193,9
201109,1014,2
201109,025,1
201109,031,7
201109,1412,2
201109,014,3
201109,172,10
201109,0332,3
201109,013,34
201109,1822,1
201110,0831,2
201110,141,5
201110,055,1
201110,084,5
201110,051,106
201110,057,6
201110,160,2
201110,022,3
201110,111,17
201110,163,6
201110,110,18
201110,013,33
201110,186,3
201110,114,2
201110,112,23
201110,180,6
201110,081,4
201110,017,12
201110,016,4
201110,054,1
201110,072,6
201110,080,10
201110,120,12
201110,020,42
201110,028,5
201110,031,2
201110,050,24
201110,018,1
201110,0214,1
201110,1123,1
201110,043,85
201110,071,19
201110,073,2
201110,190,14
201110,090,6
201110,128,1
201110,182,3
201110,014,9
201110,070,11
201110,012,18
201110,1243,1
201110,193,1
201110,026,2
201110,1723,2
201110,040,69
201110,175,2
201110,0351,2
201110,0332,2
201110,060,9
201110,173,23
201110,030,28
201110,074,10
201110,036,52
201110,045,1
201110,0311,1
201110,037,6
201110,0353,1
201110,172,3
201110,015,6
201110,042,87
201110,0841,7
201110,100,7
201110,032,1
201110,010,142
201110,027,3
201110,1312,1
201110,061,1
201110,082,1
201110,046,45
201110,044,12
201110,151,1
201110,091,1
201110,130,3
201110,1821,6
201111,073,1
201111,1821,6
201111,040,74
201111,0862,1
201111,018,3
201111,051,117
201111,030,28
201111,190,19
201111,120,13
201111,042,104
201111,090,6
201111,041,11
201111,072,6
201111,0214,1
201111,020,74
201111,057,11
201111,0841,7
201111,013,42
201111,046,26
201111,054,1
201111,070,19
201111,0831,1
201111,022,3
201111,1121,2
201111,023,4
201111,100,15
201111,110,39
201111,080,29
201111,071,19
201111,173,49
201111,017,4
201111,180,7
201111,114,7
201111,141,4
201111,036,37
201111,1384,1
201111,031,4
201111,192,1
201111,052,1
201111,037,1
201111,193,4
201111,160,6
201111,062,1
201111,016,3
201111,050,5
201111,0333,1
201111,044,5
201111,182,2
201111,0874,2
201111,172,1
201111,081,6
201111,033,1
201111,061,5
201111,026,4
201111,043,103
201111,025,1
201111,1712,1
201111,084,3
201111,0234,1
201111,012,20
201111,139,1
201111,014,3
201111,112,19
201111,111,14
201111,0334,4
201111,0311,2
201111,045,2
201111,010,151
201111,060,13
201111,130,12
201111,015,2
201112,1712,2
201112,192,8
201112,120,14
201112,017,3
201112,173,41
201112,043,57
201112,180,8
201112,014,1
201112,036,20
201112,084,6
201112,140,2
201112,015,1
201112,057,13
201112,042,50
201112,062,3
201112,030,29
201112,172,6
201112,013,28
201112,0234,1
201112,112,22
201112,071,28
201112,182,1
201112,033,3
201112,031,1
201112,1014,1
201112,0862,1
201112,0311,3
201112,061,3
201112,026,3
201112,134,1
201112,081,6
201112,032,5
201112,046,34
201112,040,32
201112,018,4
201112,010,97
201112,025,1
201112,114,1
201112,051,89
201112,0841,2
201112,012,11
201112,100,6
201112,060,36
201112,0253,1
201112,130,7
201112,174,2
201112,160,7
201112,190,11
201112,141,2
201112,111,17
201112,011,2
201112,131,1
201112,1821,1
201112,070,18
201112,020,38
201112,125,1
201112,080,12
201112,0831,5
201112,0231,1
201112,101,4
201112,016,4
201112,090,5
201112,110,25
201112,050,5
201112,153,1
201112,072,1
201201,051,100
201201,128,1
201201,192,1
201201,153,5
201201,043,73
201201,046,12
201201,193,2
201201,073,1
201201,181,4
201201,026,4
201201,173,26
201201,010,94
201201,100,4
201201,084,4
201201,023,1
201201,071,7
201201,090,12
201201,160,2
201201,040,29
201201,014,5
201201,0874,1
201201,114,3
201201,070,19
201201,042,65
201201,044,5
201201,055,1
201201,180,6
201201,110,17
201201,016,4
201201,080,5
201201,0311,1
201201,057,9
201201,0831,5
201201,1821,1
201201,0841,9
201201,031,13
201201,182,1
201201,081,2
201201,022,2
201201,054,7
201201,111,17
201201,017,4
201201,012,11
201201,013,22
201201,172,8
201201,141,6
201201,0332,1
201201,035,1
201201,020,46
201201,120,14
201201,030,16
201201,112,30
201201,015,3
201201,056,1
201201,060,6
201201,143,1
201201,061,3
201201,130,2
201201,190,24
201201,1123,5
201201,036,27
201201,138,1
201201,050,1
201202,046,25
201202,138,1
201202,017,2
201202,1721,6
201202,154,1
201202,026,3
201202,041,1
201202,042,84
201202,043,71
201202,110,15
201202,012,13
201202,062,4
201202,090,8
201202,057,8
201202,080,6
201202,071,12
201202,0332,1
201202,0841,12
201202,130,15
201202,060,12
201202,1712,4
201202,160,2
201202,013,27
201202,045,2
201202,011,3
201202,141,2
201202,084,4
201202,182,3
201202,061,1
201202,164,6
201202,0833,1
201202,186,2
201202,100,5
201202,081,1
201202,1822,1
201202,173,11
201202,180,6
201202,020,56
201202,174,2
201202,031,1
201202,150,1
201202,040,55
201202,015,1
201202,036,22
201202,114,2
201202,072,7
201202,033,3
201202,125,2
201202,131,1
201202,028,4
201202,1821,2
201202,051,78
201202,0831,1
201202,193,1
201202,016,13
201202,030,10
201202,1123,6
201202,112,24
201202,0334,2
201202,185,1
201202,0311,1
201202,032,1
201202,120,18
201202,190,10
201202,073,1
201202,010,102
201202,050,4
201202,111,9
201202,055,2
201202,014,4
201202,070,12
201203,033,1
201203,070,25
201203,042,124
201203,073,6
201203,060,30
201203,150,1
201203,100,12
201203,044,2
201203,026,9
201203,081,5
201203,193,1
201203,145,2
201203,018,7
201203,0234,2
201203,011,2
201203,022,2
201203,036,54
201203,110,21
201203,111,30
201203,164,1
201203,030,17
201203,057,31
201203,040,129
201203,154,4
201203,161,1
201203,0874,2
201203,051,123
201203,120,21
201203,172,7
201203,084,4
201203,016,1
201203,182,6
201203,032,2
201203,080,4
201203,138,2
201203,020,76
201203,043,150
201203,190,18
201203,181,2
201203,074,2
201203,0861,2
201203,015,1
201203,072,4
201203,1124,1
201203,012,8
201203,130,11
201203,1712,3
201203,025,1
201203,014,13
201203,0841,7
201203,027,1
201203,045,2
201203,013,40
201203,160,2
201203,017,10
201203,090,13
201203,180,3
201203,173,32
201203,046,51
201203,114,8
201203,050,3
201203,071,17
201203,0831,1
201203,141,16
201203,1821,1
201203,010,157
201203,163,5
201203,112,8
201203,192,12
201203,023,2
201203,031,1
201203,1711,2
201204,181,1
201204,025,1
201204,128,1
201204,173,185
201204,163,5
201204,174,3
201204,1712,2
201204,175,1
201204,070,23
201204,160,4
201204,084,8
201204,057,5
201204,073,11
201204,120,27
201204,011,2
201204,051,177
201204,030,5
201204,180,17
201204,111,17
201204,190,48
201204,100,7
201204,071,26
201204,112,32
201204,1823,2
201204,074,4
201204,061,2
201204,193,5
201204,017,13
201204,114,1
201204,161,1
201204,141,7
201204,0243,6
201204,062,3
201204,015,9
201204,042,112
201204,0831,4
201204,010,147
201204,020,60
201204,1822,7
201204,0331,2
201204,046,47
201204,0333,1
201204,172,4
201204,1124,2
201204,090,46
201204,186,2
201204,018,1
201204,0861,2
201204,145,2
201204,014,7
201204,072,15
201204,036,41
201204,0353,1
201204,192,3
201204,130,9
201204,1231,1
201204,0234,1
201204,031,10
201204,154,5
201204,080,12
201204,101,1
201204,016,11
201204,162,2
201204,033,1
201204,0356,1
201204,1053,1
201204,0874,5
201204,040,48
201204,0232,1
201204,013,78
201204,043,157
201204,0311,7
201204,050,6
201204,138,4
201204,110,26
201204,0841,6
201204,012,22
201204,1821,24
201204,060,23
201205,0831,3
201205,172,17
201205,161,1
201205,032,3
201205,186,1
201205,130,4
201205,042,187
201205,010,163
201205,046,65
201205,011,1
201205,182,1
201205,056,2
201205,070,23
201205,012,16
201205,022,3
201205,062,1
201205,031,6
201205,018,4
201205,145,1
201205,114,3
201205,150,2
201205,050,8
201205,112,24
201205,013,37
201205,061,2
201205,014,7
201205,160,1
201205,0311,2
201205,090,32
201205,125,2
201205,0874,6
201205,0332,2
201205,173,185
201205,025,6
201205,052,3
201205,051,152
201205,044,6
201205,071,24
201205,017,19
201205,015,4
201205,1822,1
201205,036,61
201205,190,33
201205,0841,14
201205,074,46
201205,1124,4
201205,041,2
201205,141,7
201205,1821,6
201205,060,30
201205,043,156
201205,111,33
201205,138,4
201205,101,1
201205,175,4
201205,0231,3
201205,020,119
201205,072,9
201205,055,2
201205,030,16
201205,192,16
201205,181,2
201205,143,2
201205,140,2
201205,116,11
201205,084,3
201205,1712,5
201205,026,2
201205,0871,3
201205,152,2
201205,057,10
201205,080,14
201205,028,5
201205,100,9
201205,081,1
201205,110,34
201205,193,7
201205,019,2
201205,180,2
201205,120,33
201205,040,97
201206,062,3
201206,1821,2
201206,046,46
201206,014,4
201206,090,14
201206,061,4
201206,080,11
201206,111,15
201206,018,4
201206,033,1
201206,084,2
201206,0211,2
201206,036,41
201206,010,112
201206,192,11
201206,044,2
201206,138,2
201206,172,3
201206,1043,3
201206,110,22
201206,032,2
201206,112,12
201206,025,4
201206,115,6
201206,190,14
201206,1014,1
201206,055,1
201206,026,7
201206,0331,1
201206,128,2
201206,0353,2
201206,035,1
201206,143,1
201206,015,4
201206,016,5
201206,072,1
201206,050,4
201206,193,8
201206,071,16
201206,040,91
201206,186,2
201206,154,1
201206,0311,2
201206,043,71
201206,017,1
201206,173,27
201206,013,26
201206,131,2
201206,060,27
201206,0841,3
201206,053,2
201206,057,23
201206,022,1
201206,141,11
201206,020,61
201206,030,11
201206,120,45
201206,160,2
201206,012,13
201206,0241,2
201206,073,3
201206,070,34
201206,023,2
201206,011,1
201206,182,4
201206,051,102
201206,1712,2
201206,114,6
201206,0833,1
201206,175,2
201206,042,73
201206,125,2
201206,150,2
201206,1721,2
201206,100,21
201206,130,3
201207,040,38
201207,125,2
201207,052,5
201207,030,9
201207,074,2
201207,012,10
201207,112,16
201207,020,64
201207,014,2
201207,081,3
201207,051,102
201207,036,39
201207,0841,4
201207,027,1
201207,080,8
201207,181,1
201207,0831,1
201207,050,8
201207,100,12
201207,057,20
201207,026,4
201207,084,3
201207,101,1
201207,018,22
201207,193,2
201207,1043,1
201207,110,18
201207,070,17
201207,086,2
201207,073,6
201207,141,3
201207,111,8
201207,102,3
201207,114,4
201207,060,18
201207,164,2
201207,192,4
201207,0833,1
201207,190,22
201207,173,49
201207,1123,2
201207,015,2
201207,071,9
201207,013,24
201207,033,2
201207,163,1
201207,154,4
201207,017,14
201207,042,87
201207,120,11
201207,043,92
201207,090,20
201207,056,3
201207,172,1
201207,046,23
201207,130,2
201207,031,2
201207,023,3
201207,010,136
201207,180,3
201207,161,2
201208,1712,2
201208,138,1
201208,040,29
201208,161,1
201208,154,2
201208,042,62
201208,017,3
201208,172,18
201208,023,1
201208,190,19
201208,027,3
201208,026,5
201208,1123,2
201208,013,48
201208,114,1
201208,056,1
201208,030,14
201208,193,3
201208,186,1
201208,110,40
201208,060,24
201208,141,4
201208,032,1
201208,036,44
201208,071,38
201208,022,3
201208,081,5
201208,182,3
201208,192,5
201208,010,113
201208,046,5
201208,051,119
201208,050,2
201208,043,69
201208,1122,3
201208,143,1
201208,061,7
201208,020,73
201208,054,2
201208,112,26
201208,073,2
201208,090,5
201208,0831,3
201208,0331,1
201208,084,9
201208,045,1
201208,015,5
201208,055,1
201208,012,18
201208,014,5
201208,0841,5
201208,080,10
201208,0311,2
201208,072,2
201208,033,8
201208,070,14
201208,057,22
201208,111,5
201208,100,3
201208,018,3
201208,173,26
201208,044,1
201208,130,3
201208,120,19
201209,018,3
201209,062,2
201209,051,79
201209,061,3
201209,010,74
201209,100,2
201209,073,1
201209,090,9
201209,0874,1
201209,046,17
201209,080,6
201209,031,5
201209,180,6
201209,086,2
201209,020,34
201209,060,14
201209,050,1
201209,011,1
201209,025,1
201209,017,2
201209,032,2
201209,043,37
201209,190,10
201209,112,7
201209,013,30
201209,0841,2
201209,030,24
201209,128,1
201209,015,1
201209,110,17
201209,036,12
201209,1821,3
201209,175,1
201209,044,1
201209,173,25
201209,0353,1
201209,071,5
201209,193,2
201209,114,1
201209,121,2
201209,1822,1
201209,141,5
201209,192,1
201209,074,1
201209,022,1
201209,072,5
201209,014,5
201209,172,1
201209,070,16
201209,057,15
201209,130,2
201209,045,3
201209,120,7
201209,016,1
201209,0231,1
201209,012,8
201209,040,32
201209,042,77
201209,027,2
201209,125,4
201209,1712,1
201209,111,14
201209,041,2
201210,012,17
201210,045,5
201210,163,2
201210,0241,1
201210,046,9
201210,031,1
201210,0833,1
201210,192,1
201210,0231,2
201210,141,1
201210,033,1
201210,172,1
201210,073,2
201210,057,38
201210,061,3
201210,190,4
201210,160,1
201210,051,32
201210,030,4
201210,081,1
201210,010,30
201210,090,9
201210,020,8
201210,016,2
201210,173,10
201210,014,6
201210,072,4
201210,015,2
201210,110,12
201210,100,2
201210,0861,4
201210,111,17
201210,013,21
201210,112,7
201210,042,35
201210,044,11
201210,043,46
201210,037,3
201210,153,1
201210,0841,2
201210,0311,2
201210,054,2
201210,071,8
201210,036,13
201210,050,5
201210,080,4
201210,040,24
201210,060,3
201211,036,15
201211,173,11
201211,114,1
201211,192,4
201211,0356,2
201211,033,1
201211,040,6
201211,112,14
201211,080,11
201211,013,18
201211,084,6
201211,034,1
201211,044,6
201211,010,63
201211,026,2
201211,015,5
201211,042,28
201211,071,1
201211,1312,1
201211,1712,3
201211,141,11
201211,052,1
201211,0231,1
201211,0241,2
201211,0243,5
201211,120,18
201211,060,8
201211,190,18
201211,083,1
201211,050,1
201211,110,13
201211,014,30
201211,045,2
201211,180,1
201211,143,7
201211,057,4
201211,0841,4
201211,1821,3
201211,031,2
201211,030,4
201211,100,6
201211,020,37
201211,043,32
201211,111,7
201211,163,13
201211,070,2
201211,012,23
201211,051,61
201211,172,1
201211,027,2
201211,090,5
201211,046,24
201212,046,9
201212,015,1
201212,057,8
201212,072,4
201212,0214,1
201212,084,2
201212,112,2
201212,111,4
201212,016,2
201212,182,1
201212,018,3
201212,045,3
201212,012,4
201212,173,17
201212,080,4
201212,071,15
201212,192,9
201212,162,9
201212,017,1
201212,042,9
201212,193,1
201212,020,15
201212,030,2
201212,040,3
201212,110,2
201212,143,3
201212,060,3
201212,013,5
201212,043,12
201212,090,5
201212,180,1
201212,010,11
201212,172,1
201212,051,12
201212,190,10
201212,160,6
201212,163,2
201212,032,1
201212,050,2
201212,120,7
201212,036,2
201301,015,1
201301,111,8
201301,164,3
201301,173,12
201301,100,2
201301,0214,1
201301,071,6
201301,036,22
201301,061,1
201301,010,26
201301,112,4
201301,042,29
201301,051,5
201301,175,1
201301,171,1
201301,190,7
201301,192,5
201301,057,2
201301,073,3
201301,045,2
201301,017,1
201301,031,1
201301,128,1
201301,154,13
201301,090,1
201301,1822,2
201301,043,25
201301,120,2
201301,053,1
201301,060,7
201301,040,8
201301,152,2
201301,013,12
201301,020,21
201301,163,1
201301,041,2
201301,046,4
201301,030,1
201301,012,3
201302,042,27
201302,072,2
201302,114,1
201302,090,24
201302,110,4
201302,020,12
201302,130,5
201302,031,1
201302,016,3
201302,017,3
201302,080,1
201302,061,2
201302,163,2
201302,040,10
201302,036,11
201302,111,4
201302,074,2
201302,100,2
201302,051,9
201302,112,1
201302,030,2
201302,015,1
201302,010,29
201302,057,2
201302,171,1
201302,190,1
201302,173,13
201302,043,40
201302,060,4
201302,0253,1
201302,0231,1
201302,174,3
201302,0831,1
201302,012,4
201302,1821,4
201302,120,10
201302,071,12
201302,021,1
201302,013,9
201302,180,2
201303,154,1
201303,042,27
201303,084,1
201303,080,4
201303,046,3
201303,0841,4
201303,051,20
201303,013,8
201303,036,15
201303,120,9
201303,026,1
201303,073,3
201303,010,15
201303,072,5
201303,141,5
201303,090,6
201303,045,1
201303,056,1
201303,112,4
201303,172,1
201303,012,1
201303,130,4
201303,030,2
201303,111,4
201303,100,6
201303,074,7
201303,060,8
201303,071,1
201303,017,1
201303,020,6
201303,015,2
201303,061,3
201303,114,5
201303,110,7
201303,190,15
201303,040,24
201303,173,9
201303,043,31
201303,193,10
201304,051,2
201304,036,15
201304,030,2
201304,190,1
201304,020,4
201304,011,1
201304,060,2
201304,040,27
201304,071,4
201304,192,3
201304,172,1
201304,042,8
201304,090,1
201304,0234,1
201304,043,5
201304,013,2
201304,010,14
201304,012,1
201304,031,1
201304,110,1
201304,074,1
201304,080,1
201304,173,2
201304,014,1
201304,057,1
201304,050,1
201305,036,1
201305,180,1
201305,046,4
201305,111,1
201305,060,3
201305,057,3
201305,1822,1
201305,040,8
201305,1821,1
201305,084,1
201305,013,3
201305,181,2
201305,112,4
201305,010,6
201305,138,2
201305,182,1
201305,173,4
201305,100,3
201305,203,2
201305,042,9
201305,0331,1
201305,160,1
201305,051,6
201305,070,5
201305,043,21
201305,074,1
201305,193,1
201305,190,8
201305,020,2
201306,046,20
201306,130,2
201306,057,51
201306,073,1
201306,114,3
201306,0841,10
201306,1821,7
201306,1724,3
201306,182,1
201306,071,20
201306,030,8
201306,190,17
201306,0211,1
201306,0831,1
201306,013,23
201306,0214,1
201306,010,69
201306,0332,1
201306,060,9
201306,026,1
201306,084,1
201306,112,7
201306,091,4
201306,090,1
201306,172,7
201306,080,15
201306,143,2
201306,100,9
201306,040,46
201306,043,116
201306,012,9
201306,193,2
201306,110,7
201306,0331,1
201306,018,1
201306,074,5
201306,070,5
201306,180,1
201306,162,8
201306,120,2
201306,111,4
201306,1721,1
201306,036,45
201306,041,1
201306,138,1
201306,014,2
201306,017,14
201306,051,58
201306,042,84
201306,062,3
201306,173,37
201306,141,4
201306,061,4
201306,032,3
201306,020,45
201306,072,6
201307,036,31
201307,057,12
201307,072,1
201307,111,13
201307,163,7
201307,035,3
201307,114,8
201307,173,41
201307,0311,1
201307,0831,1
201307,1121,1
201307,052,4
201307,010,74
201307,193,4
201307,192,4
201307,045,1
201307,015,4
201307,128,4
201307,012,28
201307,0842,1
201307,190,9
201307,1723,2
201307,020,44
201307,194,1
201307,0841,4
201307,031,5
201307,060,8
201307,172,4
201307,084,4
201307,032,3
201307,0211,2
201307,129,2
201307,053,1
201307,070,17
201307,113,1
201307,0331,2
201307,023,3
201307,051,88
201307,042,113
201307,056,1
201307,026,6
201307,180,10
201307,154,4
201307,044,1
201307,046,40
201307,016,6
201307,120,12
201307,040,41
201307,0233,2
201307,112,19
201307,014,9
201307,1712,2
201307,081,3
201307,050,7
201307,013,24
201307,041,2
201307,162,2
201307,125,7
201307,061,1
201307,080,5
201307,090,15
201307,100,11
201307,130,4
201307,073,9
201307,160,1
201307,043,92
201307,030,15
201307,141,5
201307,022,3
201307,071,23
201307,110,22
201307,074,1
201307,017,11
201308,071,15
201308,090,19
201308,050,5
201308,100,39
201308,013,39
201308,173,55
201308,027,3
201308,174,12
201308,044,3
201308,0874,9
201308,040,71
201308,033,2
201308,203,2
201308,0231,1
201308,141,3
201308,053,1
201308,032,1
201308,070,32
201308,046,22
201308,017,5
201308,031,3
201308,012,12
201308,0353,1
201308,0211,2
201308,057,8
201308,192,6
201308,061,9
201308,016,2
201308,011,1
201308,138,1
201308,072,11
201308,051,90
201308,015,5
201308,014,13
201308,0331,3
201308,160,2
201308,043,101
201308,150,1
201308,055,1
201308,018,3
201308,030,22
201308,0841,2
201308,041,1
201308,020,79
201308,172,3
201308,110,13
201308,161,1
201308,042,133
201308,125,4
201308,026,2
201308,1712,2
201308,120,5
201308,025,1
201308,111,9
201308,036,60
201308,010,133
201308,190,27
201308,073,6
201308,037,2
201308,130,5
201308,062,2
201308,154,16
201308,084,5
201308,1821,7
201308,081,2
201308,114,7
201308,133,1
201308,080,14
201308,1721,1
201308,180,3
201308,045,6
201308,112,19
201308,0256,1
201308,060,32
201308,022,3
201309,072,5
201309,014,9
201309,090,26
201309,120,9
201309,141,8
201309,093,1
201309,125,3
201309,112,93
201309,0311,2
201309,192,5
201309,173,96
201309,171,1
201309,174,2
201309,1821,39
201309,030,21
201309,012,21
201309,0842,1
201309,057,56
201309,025,5
201309,051,128
201309,122,1
201309,018,1
201309,172,8
201309,054,6
201309,111,9
201309,153,8
201309,043,130
201309,1121,1
201309,115,1
201309,045,1
201309,180,11
201309,1043,15
201309,130,8
201309,040,138
201309,190,21
201309,193,4
201309,022,2
201309,1246,1
201309,0234,2
201309,0233,2
201309,036,37
201309,138,4
201309,1712,1
201309,162,1
201309,114,4
201309,101,1
201309,028,2
201309,023,3
201309,046,59
201309,0214,1
201309,071,30
201309,0253,5
201309,0356,1
201309,032,2
201309,013,44
201309,010,141
201309,163,18
201309,031,6
201309,060,28
201309,044,1
201309,055,2
201309,026,9
201309,0231,19
201309,0874,1
201309,042,110
201309,110,18
201309,015,7
201309,100,10
201309,074,1
201309,1721,1
201309,152,2
201309,160,3
201309,080,12
201309,154,3
201309,081,4
201309,070,45
201309,073,8
201309,041,2
201309,020,134
201309,017,21
201309,0332,1
201309,084,3
201309,050,4
201309,0841,10
201309,016,6
201309,061,5
201310,1246,4
201310,057,41
201310,180,12
201310,013,42
201310,0332,2
201310,072,4
201310,045,1
201310,044,13
201310,190,26
201310,183,6
201310,0231,1
201310,010,116
201310,020,62
201310,172,2
201310,046,23
201310,128,9
201310,186,1
201310,112,29
201310,193,1
201310,060,24
201310,120,23
201310,1243,3
201310,014,5
201310,051,178
201310,084,1
201310,0256,1
201310,160,2
201310,061,6
201310,041,2
201310,0233,1
201310,062,2
201310,173,106
201310,150,1
201310,018,2
201310,071,10
201310,111,24
201310,070,37
201310,141,4
201310,016,2
201310,174,1
201310,074,3
201310,151,3
201310,080,7
201310,1822,1
201310,035,3
201310,130,5
201310,181,8
201310,040,85
201310,012,17
201310,026,4
201310,0234,3
201310,090,13
201310,0874,1
201310,043,133
201310,110,13
201310,027,1
201310,0334,1
201310,125,2
201310,023,2
201310,036,32
201310,100,15
201310,0841,9
201310,138,3
201310,0211,1
201310,042,151
201310,114,17
201310,073,4
201310,0356,3
201310,011,1
201310,017,14
201310,175,1
201310,015,5
201310,030,22
201310,1821,4
201310,081,11
201311,0353,1
201311,171,1
201311,192,4
201311,056,5
201311,141,6
201311,100,3
201311,111,25
201311,017,15
201311,080,2
201311,057,43
201311,1712,1
201311,035,2
201311,173,80
201311,092,2
201311,0874,2
201311,053,1
201311,040,59
201311,050,12
201311,041,1
201311,020,69
201311,172,10
201311,180,13
201311,025,1
201311,011,1
201311,023,2
201311,012,7
201311,160,3
201311,1821,5
201311,128,1
201311,070,43
201311,061,12
201311,0842,3
201311,046,41
201311,110,15
201311,030,10
201311,0233,9
201311,033,2
201311,051,86
201311,073,7
201311,062,3
201311,055,2
201311,115,1
201311,120,13
201311,071,22
201311,0831,1
201311,190,20
201311,112,7
201311,013,47
201311,081,4
201311,060,10
201311,130,9
201311,0331,1
201311,084,1
201311,0841,4
201311,037,2
201311,036,39
201311,138,2
201311,0862,1
201311,018,1
201311,010,99
201311,139,1
201311,193,9
201311,175,8
201311,042,98
201311,043,106
201311,083,1
201311,161,1
201311,191,2
201311,015,4
201311,022,9
201311,072,5
201311,045,1
201311,090,24
201311,114,5
201311,026,3
201312,046,42
201312,070,12
201312,084,3
201312,040,36
201312,043,57
201312,136,1
201312,141,7
201312,020,56
201312,033,3
201312,090,4
201312,051,75
201312,086,1
201312,071,12
201312,0841,1
201312,011,1
201312,0233,1
201312,081,1
201312,181,7
201312,042,41
201312,018,6
201312,120,10
201312,061,1
201312,190,13
201312,138,2
201312,010,86
201312,0831,1
201312,112,15
201312,057,61
201312,160,6
201312,026,2
201312,111,2
201312,130,5
201312,110,4
201312,014,3
201312,012,8
201312,191,1
201312,013,12
201312,044,5
201312,017,9
201312,045,1
201312,080,6
201312,173,10
201312,193,12
201312,036,20
201312,100,6
201312,062,3
201312,015,2
201312,1822,2
201312,060,5
201312,172,4
201312,030,11
201312,180,2
201312,125,1
201312,073,3
201401,051,62
201401,141,3
201401,139,2
201401,110,2
201401,014,3
201401,1712,1
201401,091,1
201401,070,17
201401,020,32
201401,154,8
201401,174,2
201401,036,7
201401,191,1
201401,0833,1
201401,016,1
201401,0841,4
201401,017,7
201401,046,23
201401,042,42
201401,163,3
201401,0353,2
201401,111,14
201401,071,9
201401,056,1
201401,050,3
201401,030,14
201401,043,76
201401,173,16
201401,0831,1
201401,190,13
201401,128,1
201401,081,2
201401,1821,1
201401,080,3
201401,062,4
201401,057,1
201401,023,3
201401,201,3
201401,010,70
201401,026,5
201401,120,11
201401,032,3
201401,130,1
201401,193,1
201401,114,4
201401,086,1
201401,0874,1
201401,060,7
201401,090,17
201401,1822,2
201401,186,1
201401,143,1
201401,073,3
201401,013,26
201401,112,7
201401,100,28
201401,040,20
201401,012,11
201402,186,2
201402,060,16
201402,033,2
201402,084,8
201402,040,55
201402,057,21
201402,045,1
201402,051,113
201402,190,21
201402,042,49
201402,090,17
201402,138,2
201402,046,28
201402,017,8
201402,141,1
201402,110,21
201402,032,10
201402,070,22
201402,043,135
201402,014,6
201402,193,6
201402,025,4
201402,128,1
201402,080,14
201402,022,4
201402,013,44
201402,100,26
201402,023,1
201402,0833,3
201402,172,3
201402,072,15
201402,0831,3
201402,1821,2
201402,192,10
201402,1721,1
201402,111,13
201402,050,12
201402,081,3
201402,020,79
201402,031,2
201402,030,11
201402,071,22
201402,012,10
201402,0841,10
201402,073,2
201402,028,2
201402,036,25
201402,074,1
201402,010,120
201402,035,1
201402,0231,13
201402,173,26
201402,175,1
201402,061,17
201402,145,4
201402,0311,4
201402,114,6
201402,112,27
201402,041,2
201402,120,3
201402,180,4
201402,130,5
201403,161,4
201403,192,16
201403,013,40
201403,100,15
201403,172,23
201403,130,12
201403,141,2
201403,114,7
201403,0311,4
201403,090,61
201403,031,1
201403,181,9
201403,026,4
201403,0833,1
201403,014,3
201403,154,4
201403,174,2
201403,055,4
201403,033,1
201403,0831,13
201403,173,29
201403,030,13
201403,051,120
201403,081,1
201403,061,6
201403,012,14
201403,046,21
201403,042,142
201403,120,7
201403,110,26
201403,010,126
201403,036,53
201403,145,2
201403,071,17
201403,074,5
201403,1721,1
201403,190,24
201403,016,2
201403,080,19
201403,072,1
201403,201,1
201403,180,1
201403,073,2
201403,160,10
201403,193,1
201403,043,189
201403,018,10
201403,045,3
201403,138,3
201403,017,50
201403,060,14
201403,1821,3
201403,0353,5
201403,0874,3
201403,152,1
201403,162,2
201403,128,2
201403,056,2
201403,041,8
201403,050,6
201403,084,4
201403,015,5
201403,011,3
201403,0841,4
201403,057,14
201403,163,1
201403,040,82
201403,070,28
201403,112,11
201403,021,1
201403,111,12
201403,020,73
201403,164,8
201403,1243,1
201404,073,6
201404,044,4
201404,062,2
201404,110,17
201404,193,4
201404,0253,1
201404,072,4
201404,046,26
201404,017,17
201404,112,12
201404,012,8
201404,022,1
201404,036,24
201404,070,15
201404,0356,1
201404,173,33
201404,057,4
201404,172,45
201404,071,11
201404,060,14
201404,025,1
201404,090,16
201404,031,2
201404,023,1
201404,1821,2
201404,011,2
201404,190,24
201404,141,5
201404,050,4
201404,010,100
201404,040,60
201404,015,2
201404,161,5
201404,052,1
201404,030,6
201404,181,2
201404,074,5
201404,130,5
201404,1822,2
201404,020,48
201404,154,1
201404,043,74
201404,114,5
201404,013,30
201404,100,12
201404,016,9
201404,163,2
201404,202,1
201404,045,5
201404,0841,6
201404,0331,1
201404,174,1
201404,041,1
201404,080,2
201404,051,73
201404,120,11
201404,054,1
201404,026,4
201404,042,98
201404,0311,1
201404,061,5
201404,160,2
201404,014,10
201404,111,10
201404,019,3
201404,0231,1
201405,190,14
201405,125,2
201405,030,11
201405,051,93
201405,0234,1
201405,013,34
201405,073,6
201405,182,2
201405,192,2
201405,070,28
201405,023,5
201405,043,103
201405,033,3
201405,071,15
201405,111,15
201405,080,11
201405,010,127
201405,046,29
201405,036,29
201405,1124,1
201405,0841,5
201405,180,4
201405,193,6
201405,1821,4
201405,020,85
201405,052,2
201405,061,2
201405,114,5
201405,050,20
201405,160,2
201405,012,25
201405,0231,3
201405,130,4
201405,017,17
201405,1712,1
201405,110,15
201405,018,1
201405,056,1
201405,112,9
201405,031,3
201405,090,12
201405,011,4
201405,060,11
201405,041,22
201405,014,4
201405,186,3
201405,038,1
201405,100,14
201405,045,6
201405,016,1
201405,026,6
201405,057,22
201405,172,8
201405,181,2
201405,042,81
201405,0874,6
201405,015,2
201405,161,4
201405,120,11
201405,173,26
201405,141,3
201405,0332,1
201405,040,48
201405,0811,1
201405,025,1
201406,192,3
201406,072,4
201406,1821,5
201406,172,2
201406,070,16
201406,160,4
201406,0833,4
201406,138,1
201406,182,1
201406,017,6
201406,141,2
201406,032,5
201406,112,12
201406,022,3
201406,203,1
201406,0841,3
201406,075,2
201406,040,81
201406,190,13
201406,193,1
201406,011,2
201406,056,1
201406,1712,1
201406,044,29
201406,010,136
201406,042,112
201406,026,2
201406,060,17
201406,1014,3
201406,120,12
201406,061,3
201406,080,4
201406,0231,1
201406,114,2
201406,050,9
201406,054,4
201406,145,2
201406,012,22
201406,0311,3
201406,110,36
201406,020,93
201406,046,25
201406,036,34
201406,180,1
201406,073,4
201406,071,20
201406,013,33
201406,0874,1
201406,100,25
201406,084,6
201406,023,2
201406,043,111
201406,062,4
201406,1044,4
201406,057,18
201406,173,44
201406,090,16
201406,014,10
201406,111,17
201406,052,1
201406,130,18
201406,154,1
201406,051,100
201406,033,1
201406,030,16
201407,010,213
201407,072,5
201407,080,16
201407,022,1
201407,172,12
201407,120,24
201407,017,7
201407,160,33
201407,090,47
201407,071,14
201407,166,6
201407,064,1
201407,138,2
201407,018,8
201407,143,3
201407,100,9
201407,112,25
201407,0234,1
201407,014,2
201407,181,2
201407,173,36
201407,111,9
201407,020,149
201407,060,27
201407,040,49
201407,074,3
201407,192,9
201407,033,7
201407,140,1
201407,046,72
201407,042,216
201407,1241,2
201407,023,3
201407,1721,2
201407,032,1
201407,056,1
201407,161,9
201407,174,4
201407,070,40
201407,051,185
201407,073,8
201407,084,5
201407,0874,20
201407,190,154
201407,0841,6
201407,044,2
201407,154,9
201407,141,4
201407,050,13
201407,061,6
201407,114,4
201407,153,3
201407,1712,44
201407,016,1
201407,041,10
201407,1821,2
201407,125,4
201407,043,371
201407,1724,10
201407,110,9
201407,130,27
201407,035,2
201407,030,20
201407,057,59
201407,015,2
201407,0333,1
201407,036,129
201407,012,62
201407,150,3
201407,1823,1
201407,013,69
201408,141,16
201408,015,5
201408,060,56
201408,043,1207
201408,145,2
201408,017,27
201408,013,183
201408,0231,11
201408,170,3
201408,080,10
201408,018,4
201408,193,6
201408,031,1
201408,180,2
201408,166,2
201408,181,2
201408,033,3
201408,084,8
201408,143,4
201408,074,5
201408,0234,4
201408,125,2
201408,1721,1
201408,044,11
201408,073,37
201408,154,106
201408,011,3
201408,127,1
201408,092,1
201408,192,57
201408,164,2
201408,026,15
201408,072,52
201408,112,12
201408,022,6
201408,030,65
201408,055,1
201408,173,23
201408,025,15
201408,037,12
201408,056,1
201408,114,15
201408,081,3
201408,153,7
201408,110,49
201408,1124,2
201408,130,149
201408,0255,1
201408,101,3
201408,052,1
201408,138,6
201408,0841,5
201408,071,36
201408,050,56
201408,061,5
201408,032,8
201408,162,1
201408,041,10
201408,091,1
201408,0311,5
201408,020,249
201408,019,1
201408,036,317
201408,190,265
201408,012,125
201408,161,5
201408,174,2
201408,191,41
201408,046,128
201408,111,11
201408,0332,1
201408,128,2
201408,100,38
201408,010,368
201408,0233,1
201408,136,7
201408,057,127
201408,023,12
201408,090,48
201408,040,204
201408,172,138
201408,160,94
201408,014,35
201408,042,596
201408,051,160
201408,070,122
201408,120,12
201408,0874,15
201408,1712,8
201408,1724,28
201409,015,7
201409,180,1
201409,013,107
201409,173,55
201409,017,13
201409,112,24
201409,010,397
201409,138,3
201409,190,98
201409,0332,1
201409,154,27
201409,055,2
201409,084,15
201409,175,1
201409,1123,7
201409,035,1
201409,0831,3
201409,012,73
201409,0231,9
201409,130,72
201409,129,3
201409,111,14
201409,114,12
201409,025,5
201409,0874,27
201409,033,9
201409,1723,9
201409,022,27
201409,0353,1
201409,161,2
201409,040,167
201409,042,350
201409,0331,3
201409,160,15
201409,124,1
201409,071,87
201409,0861,1
201409,050,22
201409,1722,1
201409,085,2
201409,136,2
201409,023,9
201409,060,60
201409,051,174
201409,021,1
201409,153,2
201409,192,43
201409,020,254
201409,073,35
201409,182,2
201409,072,4
201409,186,1
201409,139,3
201409,045,1
201409,046,78
201409,080,16
201409,032,1
201409,074,6
201409,043,541
201409,075,4
201409,030,67
201409,036,177
201409,0841,10
201409,181,2
201409,191,37
201409,061,10
201409,125,14
201409,164,1
201409,052,1
201409,014,18
201409,057,38
201409,100,52
201409,141,16
201409,026,6
201409,110,32
201409,011,4
201409,0813,1
201409,041,33
201409,070,95
201409,172,78
201409,037,3
201409,193,3
201409,174,5
201409,0234,1
201409,090,55
201409,120,23
201409,054,2
201410,131,4
201410,044,17
201410,070,159
201410,191,21
201410,040,400
201410,014,21
201410,140,2
201410,0253,1
201410,023,43
201410,026,28
201410,182,9
201410,032,24
201410,085,4
201410,0311,1
201410,020,392
201410,062,9
201410,1712,1
201410,110,44
201410,180,1
201410,072,52
201410,041,13
201410,124,1
201410,122,4
201410,130,85
201410,061,15
201410,120,59
201410,111,100
201410,043,1764
201410,193,8
201410,1123,7
201410,046,172
201410,013,317
201410,154,21
201410,173,31
201410,051,261
201410,0331,2
201410,152,1
201410,114,29
201410,057,39
201410,1053,2
201410,056,3
201410,022,6
201410,1721,1
201410,139,1
201410,0234,1
201410,138,9
201410,171,4
201410,143,6
201410,075,1
201410,019,1
201410,113,1
201410,0232,3
201410,060,92
201410,1821,8
201410,055,4
201410,015,9
201410,0231,5
201410,192,21
201410,050,26
201410,125,14
201410,016,15
201410,090,127
201410,186,1
201410,033,13
201410,100,98
201410,012,136
201410,0861,1
201410,031,2
201410,128,3
201410,0332,8
201410,0874,10
201410,153,4
201410,030,103
201410,073,75
201410,071,70
201410,181,2
201410,141,8
201410,174,2
201410,074,6
201410,017,22
201410,028,1
201410,036,313
201410,084,26
201410,010,493
201410,011,4
201410,160,39
201410,0841,15
201410,042,1284
201410,080,50
201410,112,15
201410,115,1
201410,0831,5
201410,086,30
201410,1723,4
201410,164,3
201410,172,180
201410,190,250
201411,192,2
201411,100,43
201411,012,115
201411,016,5
201411,193,3
201411,138,2
201411,140,1
201411,026,6
201411,153,1
201411,120,31
201411,124,1
201411,182,3
201411,071,34
201411,072,9
201411,175,2
201411,046,51
201411,040,193
201411,125,9
201411,0831,8
201411,0353,1
201411,0253,1
201411,160,34
201411,014,9
201411,053,1
201411,010,302
201411,036,168
201411,090,52
201411,013,300
201411,110,67
201411,086,14
201411,154,12
201411,093,4
201411,084,16
201411,061,3
201411,023,12
201411,056,2
201411,128,1
201411,022,3
201411,050,11
201411,0332,1
201411,161,6
201411,112,36
201411,0331,1
201411,122,1
201411,017,31
201411,057,17
201411,033,7
201411,174,9
201411,044,16
201411,111,28
201411,114,11
201411,0214,5
201411,015,3
201411,011,2
201411,018,3
201411,041,7
201411,0861,2
201411,0863,3
201411,0333,3
201411,060,35
201411,051,208
201411,0874,9
201411,172,28
201411,043,1134
201411,173,47
201411,021,2
201411,032,1
201411,139,4
201411,0231,4
201411,020,153
201411,190,84
201411,030,22
201411,080,36
201411,042,551
201411,0841,14
201411,085,1
201411,130,18
201411,031,5
201411,141,9
201411,070,128
201411,1123,11
201411,025,2
201411,073,41
201412,043,717
201412,084,11
201412,041,6
201412,071,28
201412,0861,2
201412,022,4
201412,153,16
201412,172,79
201412,0311,2
201412,1724,2
201412,082,2
201412,055,1
201412,020,195
201412,080,17
201412,0831,3
201412,193,11
201412,014,8
201412,061,10
201412,114,14
201412,012,72
201412,0841,1
201412,160,10
201412,138,1
201412,023,9
201412,086,20
201412,1822,1
201412,030,32
201412,042,474
201412,173,12
201412,162,2
201412,112,17
201412,143,10
201412,111,16
201412,1014,1
201412,152,7
201412,074,4
201412,190,48
201412,051,210
201412,011,1
201412,073,36
201412,134,3
201412,192,26
201412,035,3
201412,057,21
201412,033,3
201412,0332,2
201412,018,2
201412,052,1
201412,070,69
201412,026,5
201412,015,12
201412,010,331
201412,130,18
201412,036,195
201412,0874,8
201412,060,28
201412,031,8
201412,017,15
201412,040,138
201412,062,2
201412,0254,1
201412,046,49
201412,050,15
201412,0231,2
201412,0241,2
201412,0312,1
201412,075,1
201412,025,2
201412,090,34
201412,013,185
201412,110,33
201412,0334,2
201412,038,2
201412,191,1
201412,072,22
201412,100,25
201412,120,15
201412,0833,10
201412,141,2
201412,016,4
201412,166,2
201501,086,2
201501,110,32
201501,074,1
201501,084,16
201501,154,14
201501,181,1
201501,055,1
201501,043,484
201501,193,13
201501,022,17
201501,018,8
201501,153,3
201501,073,35
201501,112,14
201501,114,5
201501,0231,4
201501,036,122
201501,081,18
201501,0831,2
201501,012,25
201501,111,21
201501,190,66
201501,023,8
201501,072,16
201501,173,28
201501,080,10
201501,011,6
201501,172,23
201501,130,38
201501,030,36
201501,044,24
201501,0311,3
201501,017,22
201501,015,3
201501,061,12
201501,120,26
201501,060,37
201501,191,1
201501,125,4
201501,1721,1
201501,145,1
201501,040,85
201501,010,259
201501,019,1
201501,041,10
201501,141,11
201501,035,20
201501,071,40
201501,027,1
201501,046,23
201501,013,57
201501,0874,7
201501,192,4
201501,051,166
201501,0234,2
201501,0214,1
201501,026,2
201501,0833,3
201501,031,20
201501,138,3
201501,180,2
201501,186,1
201501,100,6
201501,1712,7
201501,175,6
201501,033,5
201501,057,57
201501,062,1
201501,070,81
201501,090,58
201501,025,2
201501,032,3
201501,052,2
201501,014,26
201501,053,3
201501,042,314
201501,020,114
201501,016,6
201501,0841,14
201501,128,1
201501,050,29
201502,041,8
201502,050,16
201502,0233,1
201502,014,12
201502,100,25
201502,074,2
201502,016,8
201502,046,50
201502,070,95
201502,128,5
201502,1712,1
201502,018,3
201502,057,13
201502,0871,1
201502,0833,1
201502,173,49
201502,1821,6
201502,026,13
201502,120,40
201502,053,1
201502,0231,1
201502,054,12
201502,042,204
201502,037,4
201502,0841,16
201502,130,18
201502,110,29
201502,072,8
201502,017,5
201502,010,222
201502,043,364
201502,030,88
201502,111,56
201502,055,1
201502,035,23
201502,062,3
201502,071,55
201502,020,93
201502,033,3
201502,192,2
201502,085,1
201502,153,3
201502,091,2
201502,1822,2
201502,181,3
201502,141,2
201502,022,2
201502,044,3
201502,090,39
201502,032,10
201502,051,182
201502,081,7
201502,073,9
201502,190,63
201502,036,96
201502,138,12
201502,084,4
201502,114,12
201502,012,49
201502,013,70
201502,040,120
201502,112,39
201502,045,3
201502,015,6
201502,1724,2
201502,172,12
201502,154,4
201502,086,2
201502,0831,2
201502,080,31
201502,125,1
201502,0331,2
201502,191,1
201502,124,2
201502,060,31
201502,160,13
201502,143,4
201502,180,8
201502,193,1
201502,1233,1
201502,182,2
201502,064,2
201502,061,3
201502,0256,1
201503,026,12
201503,031,3
201503,071,39
201503,0214,2
201503,1384,4
201503,161,31
201503,036,114
201503,045,1
201503,0331,2
201503,163,1
201503,1821,15
201503,091,1
201503,0234,8
201503,125,4
201503,083,5
201503,154,2
201503,056,3
201503,0862,4
201503,035,3
201503,160,16
201503,0332,3
201503,170,2
201503,057,52
201503,060,27
201503,032,6
201503,100,34
201503,013,148
201503,115,2
201503,073,20
201503,042,301
201503,0231,4
201503,172,37
201503,180,7
201503,033,15
201503,192,1
201503,0311,2
201503,1721,1
201503,041,22
201503,030,41
201503,191,11
201503,0233,149
201503,020,236
201503,018,3
201503,012,86
201503,074,1
201503,1723,2
201503,130,28
201503,015,4
201503,1712,3
201503,017,22
201503,027,32
201503,075,9
201503,134,4
201503,090,38
201503,052,1
201503,190,65
201503,0353,6
201503,072,17
201503,174,32
201503,055,2
201503,0874,2
201503,131,2
201503,0841,30
201503,028,1
201503,110,143
201503,061,11
201503,051,214
201503,111,34
201503,044,40
201503,141,27
201503,046,91
201503,023,3
201503,081,3
201503,085,1
201503,016,29
201503,084,19
201503,173,106
201503,112,105
201503,120,91
201503,040,119
201503,050,88
201503,150,2
201503,022,1
201503,014,13
201503,080,103
201503,0831,9
201503,128,27
201503,070,43
201503,021,4
201503,010,282
201503,181,4
201503,133,3
201503,114,6
201503,182,1
201503,011,25
201503,193,6
201503,138,6
201503,043,343
201504,1311,1
201504,072,5
201504,0231,3
201504,180,5
201504,125,8
201504,181,1
201504,173,36
201504,0234,1
201504,046,60
201504,0233,15
201504,1821,10
201504,070,22
201504,018,5
201504,081,4
201504,1243,1
201504,150,1
201504,084,9
201504,037,4
201504,193,1
201504,022,1
201504,175,2
201504,064,1
201504,011,1
201504,025,2
201504,056,5
201504,128,4
201504,050,16
201504,0841,7
201504,174,4
201504,040,141
201504,030,32
201504,055,2
201504,026,6
201504,141,55
201504,192,3
201504,071,23
201504,120,38
201504,073,10
201504,020,126
201504,130,12
201504,190,38
201504,114,6
201504,012,28
201504,112,35
201504,138,22
201504,062,4
201504,172,23
201504,043,286
201504,111,11
201504,033,1
201504,015,3
201504,023,2
201504,115,2
201504,036,79
201504,090,30
201504,161,3
201504,031,2
201504,032,7
201504,100,18
201504,017,6
201504,1124,2
201504,061,4
201504,101,1
201504,0874,5
201504,014,8
201504,160,17
201504,016,9
201504,010,212
201504,0311,6
201504,060,38
201504,1041,2
201504,013,57
201504,110,29
201504,051,161
201504,042,163
201504,186,4
201504,133,9
201504,057,34
201504,140,1
201504,027,2
201504,080,36
201504,075,1
201505,016,3
201505,140,2
201505,010,164
201505,175,5
201505,051,184
201505,0353,2
201505,042,244
201505,012,35
201505,110,32
201505,015,14
201505,025,5
201505,186,4
201505,125,6
201505,1124,1
201505,173,58
201505,122,2
201505,1721,5
201505,026,6
201505,084,15
201505,0831,6
201505,043,268
201505,033,1
201505,014,13
201505,022,6
201505,041,13
201505,182,2
201505,141,8
201505,080,9
201505,055,4
201505,061,3
201505,070,45
201505,052,2
201505,060,30
201505,0841,8
201505,130,29
201505,0356,5
201505,053,4
201505,115,1
201505,100,18
201505,163,2
201505,032,5
201505,111,21
201505,046,59
201505,036,89
201505,190,35
201505,162,1
201505,020,147
201505,160,8
201505,192,25
201505,031,1
201505,193,22
201505,112,34
201505,172,25
201505,013,48
201505,018,1
201505,114,3
201505,030,44
201505,1041,1
201505,180,4
201505,073,10
201505,0253,1
201505,071,59
201505,072,26
201505,091,11
201505,1821,2
201505,017,29
201505,040,209
201505,090,29
201505,120,29
201505,0233,3
201505,0231,2
201505,0241,1
201505,081,8
201505,057,30
201505,050,38
201505,150,1
201505,0331,2
201505,171,2
201505,161,1
201505,0874,1
201505,128,1
201506,061,7
201506,018,2
201506,031,4
201506,090,13
201506,100,13
201506,112,16
201506,120,30
201506,054,1
201506,130,22
201506,073,9
201506,012,13
201506,114,10
201506,084,6
201506,0831,11
201506,046,35
201506,026,8
201506,074,5
201506,044,4
201506,1822,3
201506,163,1
201506,017,15
201506,015,2
201506,0833,1
201506,0311,2
201506,050,14
201506,030,34
201506,022,22
201506,055,2
201506,010,178
201506,043,180
201506,016,5
201506,173,36
201506,060,32
201506,086,3
201506,186,2
201506,011,3
201506,193,11
201506,072,3
201506,041,2
201506,138,2
201506,125,3
201506,191,1
201506,071,10
201506,1821,5
201506,172,11
201506,027,1
201506,1723,7
201506,020,136
201506,080,20
201506,0241,5
201506,180,1
201506,128,2
201506,045,3
201506,013,51
201506,033,4
201506,110,27
201506,1712,3
201506,051,170
201506,014,11
201506,0841,6
201506,154,2
201506,057,35
201506,036,37
201506,081,1
201506,062,9
201506,192,8
201506,023,3
201506,025,2
201506,032,4
201506,070,38
201506,0254,2
201506,0331,1
201506,040,98
201506,181,4
201506,111,20
201506,042,128
201506,190,45
201506,160,7
201507,072,4
201507,193,9
201507,042,157
201507,036,89
201507,100,12
201507,062,2
201507,111,26
201507,081,2
201507,114,8
201507,152,2
201507,022,2
201507,0311,1
201507,070,47
201507,1821,14
201507,043,249
201507,083,1
201507,011,5
201507,090,30
201507,110,30
201507,154,8
201507,141,27
201507,061,2
201507,0214,1
201507,0353,2
201507,0842,1
201507,023,2
201507,161,6
201507,133,1
201507,091,2
201507,013,45
201507,173,97
201507,084,13
201507,030,28
201507,017,16
201507,145,3
201507,1243,1
201507,032,3
201507,1123,5
201507,0233,2
201507,071,24
201507,166,1
201507,051,192
201507,057,47
201507,025,4
201507,0833,4
201507,010,209
201507,074,4
201507,172,39
201507,020,190
201507,012,25
201507,044,4
201507,1384,1
201507,130,13
201507,046,73
201507,120,6
201507,0331,3
201507,125,2
201507,015,7
201507,060,35
201507,040,109
201507,052,1
201507,180,3
201507,045,3
201507,150,2
201507,055,1
201507,138,3
201507,153,8
201507,0841,7
201507,1712,3
201507,1723,26
201507,014,5
201507,128,5
201507,1121,7
201507,0874,2
201507,192,1
201507,175,1
201507,1721,2
201507,033,1
201507,112,22
201507,073,7
201507,1822,5
201507,080,26
201507,190,79
201507,050,17
201507,1014,3
201507,160,2
201507,0831,2
201508,070,25
201508,020,123
201508,014,10
201508,018,1
201508,015,4
201508,0256,1
201508,017,30
201508,138,1
201508,084,17
201508,1822,1
201508,0831,1
201508,0353,1
201508,160,1
201508,130,26
201508,0332,1
201508,120,23
201508,0214,2
201508,064,2
201508,010,205
201508,042,212
201508,111,42
201508,163,4
201508,061,13
201508,100,29
201508,173,84
201508,190,87
201508,164,2
201508,1721,3
201508,131,3
201508,032,2
201508,175,1
201508,072,1
201508,0253,1
201508,1043,1
201508,021,1
201508,193,11
201508,040,185
201508,0331,2
201508,125,2
201508,041,9
201508,012,30
201508,043,286
201508,031,4
201508,1712,4
201508,046,87
201508,182,2
201508,1053,2
201508,050,14
201508,033,6
201508,013,56
201508,0874,2
201508,0833,2
201508,036,67
201508,022,1
201508,056,2
201508,112,41
201508,051,185
201508,039,4
201508,0311,1
201508,171,3
201508,026,4
201508,030,40
201508,081,13
201508,161,3
201508,0841,18
201508,071,18
201508,045,25
201508,181,4
201508,016,5
201508,1711,2
201508,186,1
201508,139,1
201508,114,8
201508,0813,2
201508,1124,3
201508,057,12
201508,192,13
201508,044,7
201508,073,8
201508,090,31
201508,027,1
201508,080,13
201508,025,1
201508,1233,1
201508,174,4
201508,172,13
201508,1821,19
201508,0211,2
201508,0231,10
201508,110,32
201508,0233,2
201508,191,1
201508,128,2
201508,011,1
201508,141,6
201508,180,1
201508,060,24
201509,115,1
201509,190,52
201509,046,51
201509,064,1
201509,031,2
201509,0333,2
201509,051,171
201509,128,5
201509,1823,2
201509,018,11
201509,015,10
201509,074,3
201509,174,4
201509,154,1
201509,0214,1
201509,026,10
201509,182,3
201509,114,7
201509,0841,3
201509,040,83
201509,043,188
201509,192,5
201509,100,19
201509,180,5
201509,050,16
201509,017,18
201509,087,1
201509,057,17
201509,138,5
201509,070,67
201509,022,1
201509,073,5
201509,035,6
201509,0842,1
201509,0874,4
201509,041,14
201509,036,55
201509,081,10
201509,1053,1
201509,150,1
201509,062,1
201509,130,8
201509,014,18
201509,193,1
201509,012,21
201509,0231,1
201509,1241,2
201509,112,43
201509,1014,2
201509,160,9
201509,080,12
201509,016,1
201509,042,179
201509,084,6
201509,186,1
201509,0833,1
201509,0871,6
201509,125,4
201509,0831,2
201509,044,2
201509,020,138
201509,1712,4
201509,011,26
201509,013,58
201509,1711,1
201509,010,272
201509,071,16
201509,060,19
201509,173,61
201509,045,25
201509,1821,28
201509,141,4
201509,110,33
201509,0353,3
201509,1243,3
201509,120,44
201509,061,1
201509,033,4
201509,090,30
201509,1043,2
201509,052,1
201509,023,1
201509,072,4
201509,030,44
201509,025,2
201509,136,18
201509,172,7
201509,111,25
201509,0233,4
201510,072,2
201510,023,5
201510,0331,1
201510,186,1
201510,140,2
201510,025,2
201510,056,3
201510,075,3
201510,071,12
201510,040,89
201510,120,17
201510,112,42
201510,012,14
201510,015,6
201510,136,2
201510,125,2
201510,181,1
201510,100,12
201510,084,21
201510,030,41
201510,192,1
201510,026,1
201510,0231,3
201510,091,2
201510,057,21
201510,090,22
201510,141,11
201510,016,3
201510,1723,1
201510,081,2
201510,115,3
201510,0871,2
201510,045,2
201510,175,1
201510,033,2
201510,051,137
201510,0311,11
201510,036,59
201510,073,4
201510,050,21
201510,060,10
201510,070,64
201510,190,21
201510,0841,22
201510,172,1
201510,114,2
201510,1411,3
201510,1712,4
201510,1043,1
201510,110,34
201510,013,41
201510,174,1
201510,042,143
201510,173,70
201510,043,185
201510,011,6
201510,0353,1
201510,133,1
201510,010,206
201510,044,36
201510,1821,3
201510,080,3
201510,020,161
201510,062,10
201510,014,7
201510,041,3
201510,017,7
201510,0234,4
201510,0831,3
201510,130,6
201510,061,5
201510,046,29
201510,022,12
201510,074,1
201510,180,9
201510,154,1
201510,111,9
201510,1121,5
201510,182,1
201510,193,12
201511,017,28
201511,161,2
201511,0874,6
201511,172,10
201511,050,10
201511,061,9
201511,0331,1
201511,072,9
201511,154,1
201511,030,29
201511,173,28
201511,013,37
201511,055,2
201511,0251,1
201511,110,14
201511,044,16
201511,175,4
201511,090,22
201511,033,5
201511,193,7
201511,111,20
201511,026,6
201511,141,24
201511,0231,4
201511,070,30
201511,015,2
201511,1044,3
201511,114,9
201511,192,13
201511,160,4
201511,082,2
201511,180,9
201511,036,45
201511,032,18
201511,085,2
201511,112,23
201511,043,183
201511,120,28
201511,075,1
201511,0311,3
201511,163,1
201511,0332,1
201511,057,10
201511,074,8
201511,130,13
201511,190,62
201511,022,1
201511,018,1
201511,040,68
201511,031,1
201511,016,1
201511,080,17
201511,071,27
201511,0233,6
201511,174,14
201511,081,2
201511,171,1
201511,012,17
201511,084,10
201511,046,35
201511,010,145
201511,0356,1
201511,181,8
201511,1821,6
201511,073,5
201511,054,5
201511,0253,1
201511,0234,1
201511,1712,1
201511,115,2
201511,125,5
201511,041,1
201511,145,4
201511,153,2
201511,1312,1
201511,014,7
201511,1123,1
201511,051,203
201511,011,6
201511,042,153
201511,020,119
201511,0841,7
201511,060,26
201511,100,17
201512,100,2
201512,074,2
201512,013,25
201512,090,13
201512,070,25
201512,042,91
201512,025,1
201512,181,1
201512,0234,1
201512,161,1
201512,0871,1
201512,046,39
201512,0311,1
201512,193,5
201512,015,3
201512,122,1
201512,130,5
201512,060,24
201512,033,2
201512,072,3
201512,052,8
201512,080,14
201512,1123,1
201512,112,25
201512,141,7
201512,017,2
201512,012,35
201512,1821,2
201512,110,21
201512,081,22
201512,114,14
201512,050,3
201512,111,43
201512,057,15
201512,023,5
201512,061,2
201512,027,4
201512,190,22
201512,182,1
201512,032,1
201512,160,1
201512,1712,5
201512,051,155
201512,014,12
201512,180,3
201512,073,5
201512,0842,5
201512,120,25
201512,030,30
201512,036,22
201512,192,6
201512,0841,3
201512,035,1
201512,083,1
201512,154,1
201512,172,16
201512,020,79
201512,173,44
201512,125,1
201512,084,5
201512,026,5
201512,174,2
201512,128,2
201512,010,120
201512,040,61
201512,1823,1
201512,043,144
201512,071,30
201512,175,12
201512,031,9
201601,073,11
201601,081,8
201601,141,4
201601,074,2
201601,130,16
201601,0211,1
201601,181,1
201601,193,5
201601,046,64
201601,1712,4
201601,139,1
201601,180,4
201601,0334,4
201601,160,3
201601,022,4
201601,110,24
201601,072,4
201601,145,2
201601,120,31
201601,055,2
201601,0234,5
201601,045,34
201601,016,8
201601,111,33
201601,056,1
201601,032,2
201601,023,1
201601,062,8
201601,053,1
201601,191,1
201601,100,20
201601,112,27
201601,190,41
201601,031,4
201601,173,41
201601,090,43
201601,014,6
201601,010,200
201601,172,29
201601,1014,1
201601,033,3
201601,057,121
201601,174,2
201601,071,38
201601,060,31
201601,030,30
201601,084,16
201601,026,12
201601,080,10
201601,186,2
201601,0311,6
201601,012,33
201601,0841,11
201601,128,4
201601,070,39
201601,192,2
201601,041,1
201601,051,145
201601,050,13
201601,043,214
201601,114,8
201601,061,31
201601,125,1
201601,161,1
201601,170,1
201601,040,101
201601,013,91
201601,0874,5
201601,025,1
201601,035,1
201601,017,16
201601,150,3
201601,036,68
201601,042,286
201601,018,1
201601,064,1
201601,0861,3
201601,1821,3
201601,015,11
201601,020,176
201601,027,1
201601,182,2
201602,0831,2
201602,192,1
201602,073,7
201602,120,25
201602,056,2
201602,111,12
201602,014,14
201602,130,2
201602,030,22
201602,0871,4
201602,128,5
201602,160,1
201602,1043,1
201602,010,245
201602,071,40
201602,0874,1
201602,087,1
201602,124,2
201602,1721,2
201602,1712,9
201602,1124,2
201602,1821,4
201602,100,10
201602,173,57
201602,060,33
201602,013,51
201602,164,3
201602,0234,1
201602,181,1
201602,0841,7
201602,180,15
201602,036,55
201602,080,20
201602,051,186
201602,1044,2
201602,193,12
201602,122,1
201602,163,1
201602,138,4
201602,016,5
201602,020,134
201602,081,8
201602,072,2
201602,191,1
201602,203,1
201602,151,1
201602,084,5
201602,052,1
201602,153,1
201602,141,11
201602,182,1
201602,015,9
201602,017,13
201602,042,174
201602,061,8
201602,112,21
201602,043,156
201602,190,31
201602,040,105
201602,012,23
201602,033,1
201602,172,10
201602,045,6
201602,145,5
201602,114,6
201602,0231,1
201602,070,29
201602,026,9
201602,025,8
201602,057,38
201602,0311,6
201602,125,2
201602,022,4
201602,044,7
201602,110,28
201602,055,2
201602,046,20
201602,032,2
201602,0833,1
201602,031,8
201602,090,48
201602,050,13
201602,011,1
201603,0874,1
201603,045,7
201603,093,2
201603,129,4
201603,128,5
201603,070,58
201603,013,46
201603,042,190
201603,043,199
201603,020,77
201603,183,2
201603,0841,6
201603,055,5
201603,022,3
201603,072,6
201603,0332,4
201603,180,13
201603,080,21
201603,174,1
201603,084,16
201603,125,3
201603,014,9
201603,081,14
201603,193,9
201603,071,21
201603,090,29
201603,032,13
201603,031,11
201603,110,22
201603,114,18
201603,026,2
201603,160,3
201603,030,40
201603,0353,3
201603,170,1
201603,190,36
201603,192,1
201603,173,70
201603,060,46
201603,120,30
201603,0211,4
201603,100,22
201603,182,1
201603,130,15
201603,010,164
201603,112,51
201603,172,35
201603,057,35
201603,023,11
201603,154,1
201603,039,1
201603,040,142
201603,051,200
201603,017,23
201603,1043,2
201603,054,3
201603,073,5
201603,1233,1
201603,011,1
201603,036,36
201603,111,17
201603,075,6
201603,018,1
201603,016,4
201603,044,3
201603,012,41
201603,015,14
201603,061,31
201603,050,14
201603,1712,10
201603,027,1
201603,092,2
201603,141,9
201603,046,38
201603,163,12
201603,041,4
201604,120,20
201604,1124,1
201604,164,2
201604,020,114
201604,139,3
201604,111,32
201604,1821,4
201604,072,1
201604,0331,1
201604,055,1
201604,041,3
201604,044,25
201604,071,24
201604,084,14
201604,062,3
201604,0842,1
201604,1233,4
201604,153,6
201604,034,1
201604,033,3
201604,1121,1
201604,1822,3
201604,028,1
201604,042,215
201604,051,236
201604,050,10
201604,141,12
201604,130,29
201604,070,58
201604,125,3
201604,013,53
201604,018,1
201604,080,27
201604,036,49
201604,022,6
201604,060,45
201604,128,4
201604,045,2
201604,1712,6
201604,030,32
201604,074,10
201604,010,206
201604,1711,1
201604,012,31
201604,163,3
201604,1723,1
201604,122,1
201604,110,28
201604,040,131
201604,026,4
201604,145,1
201604,181,1
201604,043,232
201604,046,44
201604,032,1
201604,0831,1
201604,015,9
201604,150,29
201604,112,29
201604,081,4
201604,182,8
201604,017,47
201604,100,19
201604,090,24
201604,193,5
201604,160,7
201604,172,6
201604,073,5
201604,057,32
201604,180,24
201604,016,6
201604,0841,13
201604,192,2
201604,061,13
201604,023,5
201604,014,9
201604,114,9
201604,173,28
201604,161,1
201604,154,12
201604,0861,10
201604,011,9
201604,0332,4
201604,143,3
201604,0874,6
201604,190,67
201605,075,3
201605,043,25
201605,030,6
201605,051,32
201605,013,5
201605,1712,3
201605,080,8
201605,071,5
201605,056,1
201605,193,1
201605,061,2
201605,031,1
201605,1233,3
201605,190,2
201605,032,1
201605,055,1
201605,162,1
201605,017,11
201605,1711,2
201605,060,10
201605,036,18
201605,040,4
201605,139,2
201605,074,2
201605,110,5
201605,053,1
201605,012,4
201605,112,1
201605,084,2
201605,173,8
201605,010,22
201605,111,1
201605,0841,4
201605,026,1
201605,057,4
201605,046,16
201605,070,1
201605,050,1
201605,042,26
201605,0234,1
201605,020,19
201605,100,2
201605,090,7
